image_name,class,x_center,y_center,width,height
00340_119.jpg,1,0.6521739130434783,0.5297029702970297,0.07608695652173914,0.07920792079207921
92 (5).jpg,1,0.28807947019867547,0.39454545454545453,0.2251655629139073,0.26545454545454544
00061_184.jpg,0,0.3532219570405728,0.19968553459119498,0.11455847255369929,0.14779874213836477
82 (5).jpg,1,0.3987730061349693,0.1676923076923077,0.12269938650306748,0.11384615384615385
00123_13.jpg,0,0.2605633802816901,0.5714285714285714,0.29577464788732394,0.2698412698412698
00165_110.jpg,0,0.5775862068965517,0.47737556561085975,0.23563218390804597,0.1493212669683258
00166_206.jpg,1,0.25833333333333336,0.411371237458194,0.18888888888888888,0.12040133779264214
00166_206.jpg,1,0.25277777777777777,0.27424749163879597,0.18888888888888888,0.17391304347826086
67 (4).jpg,0,0.8090062111801242,0.5323741007194245,0.14596273291925466,0.17266187050359713
77 (4).jpg,0,0.28827361563517917,0.5993377483443708,0.2247557003257329,0.2185430463576159
00159_171.jpg,1,0.36005089058524176,0.36936936936936937,0.21628498727735368,0.3063063063063063
76 (10).jpg,1,0.2467948717948718,0.5077160493827161,0.1794871794871795,0.15123456790123457
00122_90.jpg,0,0.6875,0.4943181818181818,0.16447368421052633,0.23863636363636365
114.jpg,0,0.6411764705882353,0.5159235668789809,0.1411764705882353,0.12738853503184713
00260_115.jpg,1,0.5086206896551724,0.46842105263157896,0.1206896551724138,0.12631578947368421
00110_178.jpg,0,0.43535620052770446,0.24558303886925795,0.10026385224274406,0.1519434628975265
100.jpg,0,0.734920634920635,0.5196078431372549,0.2,0.22875816993464052
128.jpg,0,0.6371428571428571,0.4273743016759777,0.15428571428571428,0.13966480446927373
00095_224.jpg,0,0.37384615384615383,0.33044554455445546,0.3169230769230769,0.25495049504950495
74 (2).jpg,0,0.31511254019292606,0.6586715867158671,0.2057877813504823,0.19557195571955718
00246_103.jpg,1,0.4005681818181818,0.5946601941747572,0.14204545454545456,0.13106796116504854
00246_103.jpg,1,0.3721590909090909,0.6893203883495146,0.08522727272727272,0.05825242718446602
64 (2).jpg,0,0.30434782608695654,0.6605839416058394,0.1806020066889632,0.24087591240875914
00352_97.jpg,1,0.29545454545454547,0.6163366336633663,0.1590909090909091,0.19306930693069307
00066_259.jpg,1,0.3228228228228228,0.4312977099236641,0.13513513513513514,0.183206106870229
00132_95.jpg,0,0.3548387096774194,0.4674329501915709,0.2064516129032258,0.25287356321839083
73 (6).jpg,1,0.7016129032258065,0.6431226765799256,0.11290322580645161,0.15613382899628253
63 (6).jpg,1,0.2682926829268293,0.5079051383399209,0.15331010452961671,0.2490118577075099
00159_207.jpg,1,0.3759493670886076,0.35240963855421686,0.1291139240506329,0.18072289156626506
81 (3).jpg,0,0.1855072463768116,0.5874233128834356,0.15072463768115943,0.13190184049079753
91 (3).jpg,0,0.8322368421052632,0.5412541254125413,0.13815789473684212,0.1716171617161716
00291_23.jpg,1,0.4654178674351585,0.8241379310344827,0.15273775216138327,0.15862068965517243
00291_22.jpg,1,0.4657142857142857,0.8077803203661327,0.13714285714285715,0.12814645308924486
65 (3).jpg,0,0.8144654088050315,0.5157342657342657,0.1761006289308176,0.17832167832167833
00322_130.jpg,1,0.3226744186046512,0.4304812834224599,0.19186046511627908,0.2620320855614973
00322_130.jpg,1,0.6191860465116279,0.4732620320855615,0.1569767441860465,0.22994652406417113
00133_228.jpg,0,0.45365168539325845,0.5579937304075235,0.18258426966292135,0.23824451410658307
75 (3).jpg,0,0.32398753894080995,0.3697068403908795,0.1557632398753894,0.10749185667752444
00271_111.jpg,1,0.39204545454545453,0.6280788177339901,0.1590909090909091,0.2019704433497537
79 (12).jpg,1,0.279320987654321,0.5472560975609756,0.17592592592592593,0.15548780487804878
90 (2).jpg,1,0.7107843137254902,0.5477815699658704,0.12745098039215685,0.15358361774744028
80 (2).jpg,0,0.28135048231511256,0.5594512195121951,0.18971061093247588,0.18597560975609756
115.jpg,0,0.5267857142857143,0.5279503105590062,0.19642857142857142,0.2236024844720497
62 (14).jpg,1,0.2261904761904762,0.630859375,0.29591836734693877,0.32421875
00151_162.jpg,0,0.29291553133514986,0.4216300940438871,0.3242506811989101,0.29780564263322884
62 (7).jpg,1,0.2608695652173913,0.7237903225806451,0.17391304347826086,0.17338709677419356
72 (7).jpg,1,0.7209302325581395,0.7095588235294118,0.15282392026578073,0.16176470588235295
00058_102.jpg,1,0.7586750788643533,0.5719424460431655,0.14195583596214512,0.1223021582733813
00183_161.jpg,0,0.3142857142857143,0.4319620253164557,0.22285714285714286,0.24367088607594936
110 (2).jpg,0,0.6775147928994083,0.5416666666666666,0.07692307692307693,0.09615384615384616
00194_243.jpg,0,0.6228813559322034,0.553030303030303,0.3700564971751412,0.20303030303030303
00074_229.jpg,1,0.24875621890547264,0.4671875,0.24875621890547264,0.209375
100 (2).jpg,0,0.25254237288135595,0.48742138364779874,0.2677966101694915,0.2830188679245283
00099_149.jpg,0,0.34276729559748426,0.7717391304347826,0.14465408805031446,0.14130434782608695
00281_124.jpg,1,0.42424242424242425,0.19086021505376344,0.14545454545454545,0.15591397849462366
83 (4).jpg,1,0.7258064516129032,0.559016393442623,0.13548387096774195,0.13442622950819672
93 (4).jpg,1,0.7006802721088435,0.5471380471380471,0.17687074829931973,0.18518518518518517
00299_91.jpg,1,0.2945945945945946,0.7272727272727273,0.08108108108108109,0.08080808080808081
00061_146.jpg,0,0.5890243902439024,0.5833333333333334,0.08536585365853659,0.09119496855345911
00165_111.jpg,0,0.5901162790697675,0.47954545454545455,0.22674418604651161,0.15
00185_252.jpg,1,0.675,0.4708588957055215,0.10294117647058823,0.17484662576687116
00311_117.jpg,1,0.7661290322580645,0.5121359223300971,0.1774193548387097,0.11165048543689321
00123_12.jpg,0,0.24766355140186916,0.5551181102362205,0.2803738317757009,0.25196850393700787
00097_254.jpg,0,0.3397058823529412,0.5519713261648745,0.11470588235294117,0.12903225806451613
76 (5).jpg,0,0.6566666666666666,0.6212624584717608,0.21333333333333335,0.17940199335548174
66 (5).jpg,0,0.3141891891891892,0.5160771704180064,0.14864864864864866,0.1189710610932476
00120_260.jpg,1,0.46601941747572817,0.3263157894736842,0.3300970873786408,0.32280701754385965
00340_132.jpg,1,0.7097701149425287,0.40625,0.13218390804597702,0.08333333333333333
00350_126.jpg,1,0.4109195402298851,0.291866028708134,0.07471264367816093,0.09569377990430622
00350_132.jpg,1,0.43859649122807015,0.2885572139303483,0.15204678362573099,0.13930348258706468
00340_126.jpg,1,0.6843575418994413,0.434010152284264,0.09497206703910614,0.06598984771573604
00340_126.jpg,1,0.6396648044692738,0.5279187817258884,0.13966480446927373,0.1319796954314721
00130_78.jpg,0,0.24566473988439305,0.6439024390243903,0.1907514450867052,0.18536585365853658
00078_219.jpg,1,0.6645569620253164,0.273972602739726,0.17468354430379746,0.22602739726027396
00123_10.jpg,0,0.19036697247706422,0.5142276422764228,0.14220183486238533,0.08536585365853659
00191_106.jpg,0,0.5058823529411764,0.5821167883211679,0.21764705882352942,0.2591240875912409
98 (3).jpg,0,0.24,0.5078125,0.26,0.228125
88 (3).jpg,1,0.21678321678321677,0.4895833333333333,0.1888111888111888,0.1736111111111111
67 (8).jpg,1,0.29310344827586204,0.6099290780141844,0.2476489028213166,0.2553191489361702
00130_114.jpg,0,0.30177514792899407,0.6995073891625616,0.16568047337278108,0.18719211822660098
00130_100.jpg,0,0.29941860465116277,0.6790697674418604,0.23837209302325582,0.22325581395348837
00240_151.jpg,1,0.4253731343283582,0.34967320261437906,0.2835820895522388,0.29411764705882354
103.jpg,0,0.2301038062283737,0.46955128205128205,0.29411764705882354,0.3301282051282051
00100_153.jpg,1,0.32320441988950277,0.3381742738589212,0.16022099447513813,0.2697095435684647
00110_147.jpg,0,0.4324712643678161,0.25,0.15804597701149425,0.25757575757575757
00121_139.jpg,0,0.8557993730407524,0.6073717948717948,0.12539184952978055,0.13782051282051283
00169_243.jpg,0,0.5563380281690141,0.4716312056737589,0.21690140845070421,0.24822695035460993
00304_119.jpg,1,0.29945054945054944,0.3870192307692308,0.13736263736263737,0.14903846153846154
00322_127.jpg,1,0.3096590909090909,0.42857142857142855,0.2215909090909091,0.2857142857142857
00322_127.jpg,1,0.6136363636363636,0.47883597883597884,0.1590909090909091,0.20634920634920634
109 (2).jpg,1,0.2351851851851852,0.42592592592592593,0.3,0.29292929292929293
00271_106.jpg,1,0.4034090909090909,0.6163366336633663,0.125,0.20297029702970298
00138_271.jpg,1,0.7142857142857143,0.5795847750865052,0.17714285714285713,0.17647058823529413
00072_119.jpg,0,0.5142857142857142,0.49829931972789115,0.2597402597402597,0.24829931972789115
00143_272.jpg,1,0.44155844155844154,0.530188679245283,0.44155844155844154,0.35094339622641507
00095_226.jpg,0,0.37191358024691357,0.32213930348258707,0.3055555555555556,0.2263681592039801
00171_126.jpg,1,0.27002967359050445,0.5661290322580645,0.19584569732937684,0.1774193548387097
116.jpg,0,0.6461988304093568,0.49382716049382713,0.14619883040935672,0.14814814814814814
102.jpg,0,0.7188498402555911,0.526984126984127,0.17252396166134185,0.20317460317460317
00240_144.jpg,1,0.46938775510204084,0.35174418604651164,0.272108843537415,0.2616279069767442
00169_134.jpg,0,0.31896551724137934,0.5633802816901409,0.21264367816091953,0.20657276995305165
66 (9).jpg,1,0.23648648648648649,0.4351851851851852,0.10135135135135136,0.11481481481481481
89 (2).jpg,0,0.8058419243986255,0.40301003344481606,0.21649484536082475,0.22408026755852842
76 (9).jpg,1,0.762214983713355,0.6288461538461538,0.21498371335504887,0.3576923076923077
99 (2).jpg,1,0.23825503355704697,0.4890282131661442,0.2684563758389262,0.28213166144200624
00123_11.jpg,0,0.2152777777777778,0.5374015748031497,0.19907407407407407,0.20866141732283464
00132_164.jpg,0,0.3660220994475138,0.47194719471947194,0.212707182320442,0.1782178217821782
00150_10.jpg,0,0.3284457478005865,0.4569377990430622,0.17595307917888564,0.24401913875598086
00130_273.jpg,0,0.7345679012345679,0.46875,0.32098765432098764,0.390625
66 (8).jpg,1,0.28773584905660377,0.6191335740072202,0.2672955974842767,0.2563176895306859
89 (3).jpg,0,0.8419354838709677,0.533003300330033,0.16129032258064516,0.18151815181518152
76 (8).jpg,1,0.27348993288590606,0.5,0.13758389261744966,0.14285714285714285
99 (3).jpg,1,0.7750809061488673,0.5213815789473685,0.1779935275080906,0.22039473684210525
00165_116.jpg,0,0.6046511627906976,0.4837962962962963,0.22093023255813954,0.16203703703703703
00123_15.jpg,0,0.2535211267605634,0.6097560975609756,0.2535211267605634,0.21951219512195122
00193_172.jpg,0,0.5476190476190477,0.5997023809523809,0.16791979949874686,0.24107142857142858
00095_236.jpg,0,0.3046875,0.3171355498721228,0.128125,0.09718670076726342
00095_222.jpg,0,0.3083538083538084,0.49828178694158076,0.32186732186732187,0.29553264604810997
00147_134.jpg,0,0.7202216066481995,0.3656957928802589,0.23822714681440443,0.2459546925566343
106.jpg,0,0.7475247524752475,0.48841059602649006,0.18811881188118812,0.2152317880794702
112.jpg,0,0.6569767441860465,0.5290322580645161,0.10465116279069768,0.11612903225806452
00260_113.jpg,1,0.5028571428571429,0.46875,0.10285714285714286,0.11458333333333333
00285_93.jpg,1,0.2916666666666667,0.7769607843137255,0.07222222222222222,0.09313725490196079
00285_87.jpg,1,0.28888888888888886,0.7461139896373057,0.05555555555555555,0.06217616580310881
00060_70.jpg,1,0.4753521126760563,0.5441176470588235,0.15258215962441316,0.17647058823529413
00060_70.jpg,1,0.6525821596244131,0.5073529411764706,0.056338028169014086,0.08529411764705883
00166_189.jpg,1,0.25956284153005466,0.2944078947368421,0.19672131147540983,0.2730263157894737
00271_116.jpg,1,0.3901734104046243,0.6089108910891089,0.1791907514450867,0.19801980198019803
00271_117.jpg,1,0.3959537572254335,0.5960591133004927,0.1676300578034682,0.18719211822660098
00184_127.jpg,0,0.5726495726495726,0.49522292993630573,0.14245014245014245,0.14331210191082802
00322_122.jpg,1,0.2949438202247191,0.4416243654822335,0.24157303370786518,0.27411167512690354
00322_122.jpg,1,0.6039325842696629,0.4746192893401015,0.1404494382022472,0.14720812182741116
00291_24.jpg,1,0.4556213017751479,0.8266509433962265,0.15384615384615385,0.13443396226415094
00060_71.jpg,1,0.48705882352941177,0.5368731563421829,0.20705882352941177,0.21238938053097345
00128_260.jpg,1,0.6805111821086262,0.3909657320872274,0.268370607028754,0.22741433021806853
113.jpg,0,0.228,0.427536231884058,0.264,0.30434782608695654
107.jpg,0,0.23465703971119134,0.44884488448844884,0.3104693140794224,0.33003300330033003
00158_239.jpg,0,0.6207865168539326,0.503257328990228,0.1404494382022472,0.13355048859934854
00359_121.jpg,1,0.22012578616352202,0.6944444444444444,0.10062893081761007,0.08888888888888889
00359_109.jpg,1,0.25,0.6584699453551912,0.18674698795180722,0.14754098360655737
00087_130.jpg,1,0.5395894428152492,0.6819852941176471,0.16422287390029325,0.21691176470588236
00097_124.jpg,0,0.6880222841225627,0.4096989966555184,0.0947075208913649,0.11036789297658862
00281_122.jpg,1,0.4230769230769231,0.2037037037037037,0.17159763313609466,0.164021164021164
00159_189.jpg,1,0.3848101265822785,0.37349397590361444,0.18734177215189873,0.27710843373493976
00056_147.jpg,1,0.4722222222222222,0.5098684210526315,0.2037037037037037,0.11842105263157894
98 (2).jpg,0,0.7603174603174603,0.5494880546075085,0.18095238095238095,0.24573378839590443
00169_119.jpg,0,0.31179775280898875,0.5333333333333333,0.20786516853932585,0.2
88 (2).jpg,0,0.21279761904761904,0.5654205607476636,0.2708333333333333,0.22741433021806853
67 (9).jpg,1,0.2902684563758389,0.5078125,0.19798657718120805,0.2734375
00096_280.jpg,1,0.6651090342679128,0.5756972111553785,0.1838006230529595,0.2350597609561753
00311_111.jpg,1,0.7580645161290323,0.5,0.1827956989247312,0.1111111111111111
00123_14.jpg,0,0.2535211267605634,0.592,0.27230046948356806,0.24
00311_105.jpg,1,0.7473118279569892,0.49278846153846156,0.12903225806451613,0.11057692307692307
00187_153.jpg,1,0.34444444444444444,0.36773255813953487,0.2222222222222222,0.2180232558139535
00071_183.jpg,1,0.2621951219512195,0.28,0.14878048780487804,0.1476923076923077
00150_11.jpg,0,0.3205882352941177,0.4007177033492823,0.1411764705882353,0.1507177033492823
76 (4).jpg,0,0.525974025974026,0.40372670807453415,0.23376623376623376,0.20496894409937888
76 (4).jpg,0,0.375,0.2686335403726708,0.12012987012987013,0.15217391304347827
00130_81.jpg,0,0.28654970760233917,0.65311004784689,0.16374269005847952,0.22488038277511962
66 (4).jpg,0,0.26148409893992935,0.7010869565217391,0.21908127208480566,0.3079710144927536
00124_132.jpg,0,0.5263888888888889,0.5091463414634146,0.3527777777777778,0.3048780487804878
00111_98.jpg,0,0.7238372093023255,0.3799019607843137,0.1686046511627907,0.22058823529411764
00165_129.jpg,0,0.6124260355029586,0.4925373134328358,0.1242603550295858,0.11940298507462686
00123_16.jpg,0,0.24880382775119617,0.6533613445378151,0.21052631578947367,0.12184873949579832
00178_122.jpg,1,0.6069444444444444,0.46190476190476193,0.20833333333333334,0.2507936507936508
83 (5).jpg,1,0.7468152866242038,0.6286231884057971,0.1942675159235669,0.18478260869565216
93 (5).jpg,1,0.18666666666666668,0.4155405405405405,0.10666666666666667,0.08783783783783784
00090_204.jpg,0,0.45663265306122447,0.19292604501607716,0.12244897959183673,0.16720257234726688
00169_127.jpg,0,0.3096590909090909,0.5657276995305164,0.26704545454545453,0.18309859154929578
100 (3).jpg,1,0.26452599388379205,0.373015873015873,0.1620795107033639,0.1365079365079365
62 (6).jpg,1,0.7783687943262412,0.6526717557251909,0.20921985815602837,0.2595419847328244
72 (6).jpg,1,0.21885521885521886,0.5855018587360595,0.26262626262626265,0.27137546468401486
00240_157.jpg,1,0.4166666666666667,0.3333333333333333,0.25,0.3333333333333333
00359_123.jpg,1,0.22115384615384615,0.6916666666666667,0.09615384615384616,0.06111111111111111
00130_112.jpg,0,0.29411764705882354,0.7097560975609756,0.2,0.2
90 (3).jpg,1,0.7596491228070176,0.4225092250922509,0.14385964912280702,0.14391143911439114
00171_109.jpg,1,0.23462783171521034,0.6017241379310345,0.13915857605177995,0.1896551724137931
80 (3).jpg,0,0.3284313725490196,0.5063492063492063,0.28431372549019607,0.23174603174603176
111.jpg,0,0.7117437722419929,0.4911660777385159,0.1423487544483986,0.1625441696113074
62 (15).jpg,1,0.5647840531561462,0.5307971014492754,0.3654485049833887,0.3007246376811594
105.jpg,0,0.7140522875816994,0.46204620462046203,0.13398692810457516,0.1782178217821782
00107_101.jpg,1,0.40476190476190477,0.3806228373702422,0.16825396825396827,0.20761245674740483
00282_99.jpg,1,0.22972972972972974,0.4634146341463415,0.10270270270270271,0.0975609756097561
00059_103.jpg,1,0.42260061919504643,0.5150501672240803,0.19504643962848298,0.25418060200668896
65 (2).jpg,0,0.254416961130742,0.7062043795620438,0.19081272084805653,0.2956204379562044
00156_132.jpg,1,0.25358166189111747,0.31212121212121213,0.27793696275071633,0.24242424242424243
75 (2).jpg,0,0.8263665594855305,0.6695205479452054,0.10289389067524116,0.13356164383561644
00322_134.jpg,1,0.3143712574850299,0.43956043956043955,0.20958083832335328,0.24175824175824176
00322_134.jpg,1,0.6167664670658682,0.48626373626373626,0.19161676646706588,0.2802197802197802
00138_289.jpg,1,0.7199367088607594,0.6202290076335878,0.19936708860759494,0.24045801526717558
00322_108.jpg,1,0.2891891891891892,0.43333333333333335,0.15675675675675677,0.14285714285714285
00060_72.jpg,1,0.4869047619047619,0.5355029585798816,0.20238095238095238,0.23668639053254437
65 (12).jpg,1,0.2819672131147541,0.6780575539568345,0.32131147540983607,0.4064748201438849
81 (2).jpg,0,0.20754716981132076,0.5232142857142857,0.2389937106918239,0.225
00271_128.jpg,1,0.38622754491017963,0.6224489795918368,0.17365269461077845,0.1836734693877551
91 (2).jpg,0,0.2380191693290735,0.4263322884012539,0.29073482428115016,0.25705329153605017
00322_121.jpg,1,0.3055555555555556,0.4444444444444444,0.24444444444444444,0.2828282828282828
00322_121.jpg,1,0.6,0.4722222222222222,0.12222222222222222,0.14646464646464646
102 (4).jpg,1,0.265527950310559,0.37381703470031546,0.21428571428571427,0.17350157728706625
00128_277.jpg,1,0.6887755102040817,0.39429530201342283,0.2619047619047619,0.25838926174496646
00352_93.jpg,1,0.27808988764044945,0.6275,0.16292134831460675,0.185
63 (7).jpg,1,0.3532258064516129,0.3684210526315789,0.1774193548387097,0.18947368421052632
63 (7).jpg,1,0.5032258064516129,0.4456140350877193,0.1032258064516129,0.11228070175438597
63 (7).jpg,1,0.3435483870967742,0.5052631578947369,0.11935483870967742,0.10526315789473684
104.jpg,0,0.22996515679442509,0.46601941747572817,0.30662020905923343,0.3300970873786408
110.jpg,0,0.24053030303030304,0.42857142857142855,0.3068181818181818,0.29931972789115646
138.jpg,0,0.6485714285714286,0.4322033898305085,0.09714285714285714,0.096045197740113
74 (3).jpg,0,0.525974025974026,0.4194078947368421,0.24675324675324675,0.22697368421052633
74 (3).jpg,0,0.375,0.28289473684210525,0.1331168831168831,0.16447368421052633
00071_221.jpg,1,0.7866004962779156,0.5030487804878049,0.17369727047146402,0.16463414634146342
64 (3).jpg,0,0.2724252491694352,0.4581818181818182,0.21262458471760798,0.18181818181818182
64 (3).jpg,0,0.43023255813953487,0.33454545454545453,0.06976744186046512,0.08727272727272728
00130_107.jpg,0,0.29069767441860467,0.6971830985915493,0.23255813953488372,0.20187793427230047
00142_107.jpg,0,0.2642857142857143,0.37037037037037035,0.12857142857142856,0.12794612794612795
00142_107.jpg,0,0.51,0.601010101010101,0.2885714285714286,0.1919191919191919
00072_99.jpg,0,0.48695652173913045,0.5017985611510791,0.2956521739130435,0.2841726618705036
00096_240.jpg,1,0.6539473684210526,0.5062111801242236,0.11315789473684211,0.14285714285714285
67 (5).jpg,1,0.23841059602649006,0.6342412451361867,0.2582781456953642,0.28793774319066145
77 (5).jpg,1,0.2515923566878981,0.50920245398773,0.1910828025477707,0.1165644171779141
76 (11).jpg,1,0.26229508196721313,0.4673076923076923,0.3344262295081967,0.39615384615384613
00085_156.jpg,1,0.6502463054187192,0.2971698113207547,0.06896551724137931,0.14150943396226415
00350_135.jpg,1,0.43859649122807015,0.2889447236180904,0.16374269005847952,0.17587939698492464
00167_213.jpg,0,0.806282722513089,0.3511705685618729,0.09947643979057591,0.14046822742474915
00340_121.jpg,1,0.6620879120879121,0.54,0.09340659340659341,0.09
00305_97.jpg,1,0.7391304347826086,0.388268156424581,0.07453416149068323,0.07262569832402235
00151_211.jpg,0,0.34985835694050993,0.4495114006514658,0.20679886685552407,0.21498371335504887
92 (4).jpg,0,0.20948012232415902,0.5611285266457681,0.22324159021406728,0.18181818181818182
00095_181.jpg,0,0.32389162561576357,0.5098360655737705,0.26354679802955666,0.23278688524590163
00150_12.jpg,0,0.31791044776119404,0.3923444976076555,0.14029850746268657,0.11961722488038277
00130_94.jpg,0,0.28488372093023256,0.6542056074766355,0.23255813953488372,0.2336448598130841
82 (4).jpg,0,0.2709677419354839,0.5611620795107034,0.15483870967741936,0.1437308868501529
00177_260.jpg,1,0.5239520958083832,0.5247349823321554,0.33532934131736525,0.3286219081272085
00124_168.jpg,0,0.4825268817204301,0.4809384164222874,0.1586021505376344,0.14076246334310852
00263_116.jpg,1,0.41853932584269665,0.5022321428571429,0.24157303370786518,0.17410714285714285
00097_72.jpg,0,0.7456140350877193,0.6431924882629108,0.19298245614035087,0.1596244131455399
00166_259.jpg,1,0.2621951219512195,0.43486590038314177,0.10975609756097561,0.1724137931034483
00306_109.jpg,1,0.7323529411764705,0.5287081339712919,0.2411764705882353,0.215311004784689
00169_141.jpg,0,0.32471264367816094,0.562200956937799,0.20114942528735633,0.17703349282296652
88 (5).jpg,1,0.22491909385113268,0.39375,0.2297734627831715,0.175
00194_209.jpg,0,0.5652173913043478,0.5471976401179941,0.14130434782608695,0.12094395280235988
00151_128.jpg,0,0.3108108108108108,0.5303030303030303,0.22522522522522523,0.23905723905723905
00122_9.jpg,0,0.7096774193548387,0.6365740740740741,0.1827956989247312,0.22685185185185186
76.jpg,0,0.3821656050955414,0.4791666666666667,0.19745222929936307,0.2765151515151515
74 (8).jpg,1,0.22507552870090636,0.6182795698924731,0.2990936555891239,0.32616487455197135
00303_85.jpg,1,0.7197802197802198,0.6462765957446809,0.10989010989010989,0.09042553191489362
64 (8).jpg,1,0.7586805555555556,0.7527075812274369,0.2326388888888889,0.22021660649819494
00304_98.jpg,1,0.2861111111111111,0.33589743589743587,0.22777777777777777,0.2923076923076923
62.jpg,0,0.7620689655172413,0.5627376425855514,0.15172413793103448,0.19771863117870722
89.jpg,0,0.38079470198675497,0.42023346303501946,0.26490066225165565,0.35797665369649806
00201_102.jpg,0,0.6983050847457627,0.25183823529411764,0.29152542372881357,0.2610294117647059
69 (6).jpg,1,0.7491638795986622,0.608843537414966,0.25418060200668896,0.2789115646258503
79 (6).jpg,0,0.17971014492753623,0.5923076923076923,0.11014492753623188,0.10153846153846154
00317_27.jpg,1,0.3551236749116608,0.4090909090909091,0.12367491166077739,0.11688311688311688
67 (10).jpg,1,0.7649122807017544,0.6441947565543071,0.20350877192982456,0.32209737827715357
66 (10).jpg,1,0.28378378378378377,0.505859375,0.22297297297297297,0.27734375
00064_101.jpg,0,0.25877192982456143,0.46166666666666667,0.11403508771929824,0.13
00064_101.jpg,0,0.40789473684210525,0.43,0.1023391812865497,0.13333333333333333
00322_153.jpg,1,0.624031007751938,0.458955223880597,0.1937984496124031,0.26119402985074625
00332_147.jpg,1,0.2824427480916031,0.4673202614379085,0.16793893129770993,0.17647058823529413
00322_147.jpg,1,0.6232876712328768,0.48333333333333334,0.2054794520547945,0.31333333333333335
68 (7).jpg,1,0.7798634812286689,0.7244525547445255,0.14675767918088736,0.19343065693430658
00360_90.jpg,1,0.6043956043956044,0.6550802139037433,0.1978021978021978,0.17647058823529413
00123_277.jpg,0,0.5635179153094463,0.4264705882352941,0.34527687296416937,0.33088235294117646
65 (9).jpg,1,0.7775800711743772,0.6049618320610687,0.18149466192170818,0.22519083969465647
00156_196.jpg,1,0.3045325779036827,0.33633633633633636,0.18980169971671387,0.13213213213213212
75 (9).jpg,1,0.761744966442953,0.5454545454545454,0.2684563758389262,0.2558922558922559
00317_26.jpg,1,0.36486486486486486,0.41793313069908816,0.12162162162162163,0.11246200607902736
00063_197.jpg,1,0.6031553398058253,0.17220543806646527,0.11893203883495146,0.15709969788519637
88.jpg,0,0.24444444444444444,0.45297805642633227,0.3111111111111111,0.21630094043887146
63.jpg,0,0.38414634146341464,0.5427046263345195,0.17073170731707318,0.1601423487544484
77.jpg,0,0.38449367088607594,0.4605263157894737,0.19936708860759494,0.2819548872180451
00122_8.jpg,0,0.7150537634408602,0.6342592592592593,0.1827956989247312,0.2037037037037037
00245_101.jpg,1,0.32978723404255317,0.5193236714975845,0.1276595744680851,0.1497584541062802
00273_103.jpg,1,0.7388888888888889,0.44390243902439025,0.17777777777777778,0.2146341463414634
00263_117.jpg,1,0.4180790960451977,0.49776785714285715,0.23728813559322035,0.17410714285714285
00074_289.jpg,1,0.74375,0.42142857142857143,0.0875,0.10714285714285714
99 (4).jpg,1,0.7648221343873518,0.41598360655737704,0.233201581027668,0.26639344262295084
89 (4).jpg,0,0.5342465753424658,0.6551724137931034,0.2328767123287671,0.3275862068965517
00078_278.jpg,1,0.6688102893890675,0.23921568627450981,0.12218649517684887,0.10980392156862745
00195_225.jpg,0,0.5281501340482574,0.28807947019867547,0.09115281501340483,0.11920529801324503
00158_102.jpg,0,0.27710843373493976,0.635,0.24096385542168675,0.22
00350_145.jpg,1,0.4339622641509434,0.2568306010928962,0.1761006289308176,0.2185792349726776
00120_215.jpg,1,0.47198879551820727,0.3471337579617834,0.15966386554621848,0.15286624203821655
00350_151.jpg,1,0.4391891891891892,0.2727272727272727,0.12162162162162163,0.20454545454545456
82 (3).jpg,0,0.5672131147540984,0.3146067415730337,0.15737704918032788,0.20224719101123595
00158_114.jpg,0,0.2716049382716049,0.6237373737373737,0.1111111111111111,0.10606060606060606
92 (3).jpg,0,0.20364238410596028,0.5445544554455446,0.18211920529801323,0.13861386138613863
00132_112.jpg,0,0.363905325443787,0.4895470383275261,0.28402366863905326,0.2961672473867596
00061_127.jpg,0,0.5935960591133005,0.5760517799352751,0.11330049261083744,0.1423948220064725
00061_127.jpg,0,0.4815270935960591,0.6634304207119741,0.06157635467980296,0.07766990291262135
00061_127.jpg,0,0.5369458128078818,0.5355987055016181,0.04926108374384237,0.061488673139158574
70 (6).jpg,1,0.2168284789644013,0.2824561403508772,0.13592233009708737,0.11578947368421053
00360_102.jpg,1,0.6049723756906077,0.6393034825870647,0.23756906077348067,0.2537313432835821
00165_158.jpg,0,0.47619047619047616,0.36046511627906974,0.15538847117794485,0.2026578073089701
00097_65.jpg,0,0.7716763005780347,0.6372093023255814,0.10982658959537572,0.11162790697674418
77 (2).jpg,0,0.7598039215686274,0.6050955414012739,0.20588235294117646,0.1592356687898089
67 (2).jpg,0,0.31311475409836065,0.5725806451612904,0.1540983606557377,0.16451612903225807
00169_142.jpg,0,0.32471264367816094,0.5574162679425837,0.20114942528735633,0.17703349282296652
00142_163.jpg,0,0.6559278350515464,0.5487421383647799,0.14690721649484537,0.14150943396226415
61.jpg,0,0.39906832298136646,0.5355871886120996,0.2329192546583851,0.20284697508896798
75.jpg,0,0.2224025974025974,0.43359375,0.1525974025974026,0.140625
00158_289.jpg,0,0.6666666666666666,0.49416342412451364,0.3230240549828179,0.3346303501945525
00142_89.jpg,0,0.4720496894409938,0.6021505376344086,0.09316770186335403,0.12903225806451613
64 (4).jpg,0,0.44145569620253167,0.2720125786163522,0.20569620253164558,0.22955974842767296
00317_24.jpg,1,0.3709677419354839,0.43435754189944137,0.2,0.11452513966480447
00147_152.jpg,0,0.7100271002710027,0.3836477987421384,0.21680216802168023,0.2578616352201258
74 (4).jpg,0,0.6483333333333333,0.7097902097902098,0.22333333333333333,0.23776223776223776
102 (3).jpg,1,0.7718446601941747,0.49842271293375395,0.10679611650485436,0.13249211356466878
00054_145.jpg,1,0.32515337423312884,0.2706270627062706,0.3496932515337423,0.297029702970297
00144_278.jpg,1,0.5080128205128205,0.5893536121673004,0.3108974358974359,0.3193916349809886
00176_104.jpg,0,0.711864406779661,0.46808510638297873,0.2033898305084746,0.26595744680851063
00246_96.jpg,1,0.4011299435028249,0.5994897959183674,0.1807909604519774,0.1683673469387755
00246_96.jpg,1,0.5310734463276836,0.5994897959183674,0.0903954802259887,0.08673469387755102
00156_180.jpg,1,0.29551820728291317,0.3486646884272997,0.29411764705882354,0.2344213649851632
00334_114.jpg,1,0.38596491228070173,0.636150234741784,0.2222222222222222,0.1643192488262911
91 (5).jpg,1,0.20230263157894737,0.3778135048231511,0.22697368421052633,0.17684887459807075
81 (5).jpg,1,0.3472727272727273,0.3422818791946309,0.23636363636363636,0.28187919463087246
00169_208.jpg,0,0.5542635658914729,0.48392282958199356,0.16795865633074936,0.17684887459807075
75 (5).jpg,1,0.7369281045751634,0.6201413427561837,0.24509803921568626,0.26501766784452296
00146_142.jpg,1,0.404,0.25573770491803277,0.14133333333333334,0.18360655737704917
65 (5).jpg,0,0.6859649122807018,0.6038062283737025,0.17192982456140352,0.14186851211072665
00360_87.jpg,1,0.6071428571428571,0.6132596685082873,0.1813186813186813,0.15469613259668508
00334_101.jpg,1,0.3785310734463277,0.6378504672897196,0.22598870056497175,0.16355140186915887
00146_195.jpg,1,0.3997395833333333,0.2697160883280757,0.18489583333333334,0.21766561514195584
80 (4).jpg,1,0.2661290322580645,0.42424242424242425,0.3387096774193548,0.3939393939393939
00110_131.jpg,0,0.4479495268138801,0.246,0.12618296529968454,0.196
00098_266.jpg,1,0.3819444444444444,0.6631799163179917,0.2222222222222222,0.14644351464435146
00317_25.jpg,1,0.35784313725490197,0.42419825072886297,0.14705882352941177,0.11370262390670553
00284_149.jpg,1,0.5615942028985508,0.44345238095238093,0.09420289855072464,0.08928571428571429
62 (12).jpg,1,0.6774193548387096,0.5749063670411985,0.24372759856630824,0.24344569288389514
00100_119.jpg,1,0.3597560975609756,0.3804347826086957,0.17682926829268292,0.24782608695652175
00071_278.jpg,1,0.8026315789473685,0.43726937269372695,0.19078947368421054,0.2029520295202952
74.jpg,0,0.37936507936507935,0.4981060606060606,0.15555555555555556,0.2159090909090909
113 (2).jpg,0,0.5357142857142857,0.5158227848101266,0.20238095238095238,0.23417721518987342
103 (2).jpg,1,0.7717041800643086,0.4953416149068323,0.0707395498392283,0.09627329192546584
61 (7).jpg,1,0.44426229508196724,0.3694915254237288,0.10163934426229508,0.13559322033898305
00074_249.jpg,1,0.217005076142132,0.4791666666666667,0.24619289340101522,0.20833333333333334
00099_129.jpg,0,0.3508771929824561,0.7242268041237113,0.15204678362573099,0.14948453608247422
93 (2).jpg,0,0.32130584192439865,0.3063973063973064,0.18900343642611683,0.2222222222222222
83 (2).jpg,0,0.32,0.5016025641025641,0.23333333333333334,0.20192307692307693
00254_83.jpg,1,0.29301075268817206,0.40048543689320387,0.14516129032258066,0.18932038834951456
00097_70.jpg,0,0.747093023255814,0.6431924882629108,0.18023255813953487,0.14084507042253522
94 (6).jpg,1,0.7518382352941176,0.43258426966292135,0.21691176470588236,0.18352059925093633
00059_84.jpg,1,0.4019933554817276,0.47058823529411764,0.132890365448505,0.13970588235294118
00059_84.jpg,1,0.473421926910299,0.6066176470588235,0.07641196013289037,0.07352941176470588
00158_115.jpg,0,0.25617283950617287,0.6363636363636364,0.15432098765432098,0.13131313131313133
66 (3).jpg,0,0.5,0.4034749034749035,0.12,0.1583011583011583
76 (3).jpg,0,0.3037383177570093,0.3691588785046729,0.17133956386292834,0.12149532710280374
00176_98.jpg,0,0.7021857923497268,0.45675675675675675,0.21311475409836064,0.3081081081081081
70 (11).jpg,1,0.7098976109215017,0.7422480620155039,0.10238907849829351,0.09689922480620156
00187_135.jpg,1,0.2915492957746479,0.3686567164179104,0.18873239436619718,0.19402985074626866
66 (2).jpg,0,0.288961038961039,0.4575645756457565,0.22727272727272727,0.2066420664206642
76 (2).jpg,0,0.19047619047619047,0.5478723404255319,0.12698412698412698,0.1453900709219858
70 (10).jpg,1,0.7626262626262627,0.6221804511278195,0.2727272727272727,0.31203007518796994
93 (3).jpg,0,0.2379421221864952,0.42834890965732086,0.27009646302250806,0.24610591900311526
83 (3).jpg,1,0.32706766917293234,0.33843537414965985,0.21052631578947367,0.2755102040816326
00097_74.jpg,0,0.7456140350877193,0.6404761904761904,0.2046783625730994,0.18571428571428572
00192_262.jpg,0,0.547486033519553,0.594306049822064,0.24022346368715083,0.21352313167259787
00124_9.jpg,0,0.6855670103092784,0.49782608695652175,0.30927835051546393,0.36086956521739133
61 (6).jpg,1,0.8532423208191127,0.5977859778597786,0.08873720136518772,0.08856088560885608
71 (6).jpg,1,0.304140127388535,0.5746951219512195,0.27070063694267515,0.3323170731707317
00329_87.jpg,1,0.29775280898876405,0.3564102564102564,0.11235955056179775,0.1282051282051282
00099_139.jpg,0,0.35843373493975905,0.7435897435897436,0.18674698795180722,0.17435897435897435
64.jpg,0,0.37349397590361444,0.5409252669039146,0.13253012048192772,0.1423487544483986
70.jpg,0,0.8035714285714286,0.6729323308270677,0.10714285714285714,0.15037593984962405
00338_15.jpg,1,0.6535087719298246,0.6985559566787004,0.13157894736842105,0.13357400722021662
00317_21.jpg,1,0.38263665594855306,0.4461538461538462,0.2057877813504823,0.11282051282051282
80 (5).jpg,1,0.7427652733118971,0.5879310344827586,0.21864951768488747,0.1896551724137931
00071_240.jpg,1,0.8023560209424084,0.48742138364779874,0.25392670157068065,0.27044025157232704
00087_185.jpg,1,0.23036649214659685,0.34455128205128205,0.07329842931937172,0.16987179487179488
62 (13).jpg,1,0.41262135922330095,0.4064748201438849,0.29449838187702265,0.2949640287769784
75 (4).jpg,0,0.27960526315789475,0.6503623188405797,0.23684210526315788,0.2572463768115942
65 (4).jpg,0,0.7206349206349206,0.27906976744186046,0.13968253968253969,0.10077519379844961
00090_112.jpg,0,0.5228658536585366,0.4878048780487805,0.13719512195121952,0.15331010452961671
00322_140.jpg,1,0.28164556962025317,0.4224137931034483,0.1962025316455696,0.16666666666666666
00322_140.jpg,1,0.6139240506329114,0.46264367816091956,0.189873417721519,0.3045977011494253
00184_145.jpg,0,0.5589041095890411,0.4724770642201835,0.1589041095890411,0.14984709480122324
00169_225.jpg,0,0.5490716180371353,0.48148148148148145,0.21750663129973474,0.26936026936026936
00360_96.jpg,1,0.592896174863388,0.649746192893401,0.2459016393442623,0.233502538071066
91 (4).jpg,1,0.17763157894736842,0.553156146179402,0.10526315789473684,0.10299003322259136
81 (4).jpg,0,0.6486486486486487,0.5854037267080745,0.19594594594594594,0.2204968944099379
00123_259.jpg,0,0.5760233918128655,0.4312080536912752,0.2631578947368421,0.25838926174496646
00332_141.jpg,1,0.2951388888888889,0.4878048780487805,0.1736111111111111,0.15853658536585366
102 (2).jpg,1,0.23195876288659795,0.4681528662420382,0.29896907216494845,0.3184713375796178
112 (2).jpg,1,0.2198443579766537,0.41519434628975266,0.2607003891050584,0.29328621908127206
00138_217.jpg,1,0.8125,0.2601880877742947,0.08776595744680851,0.11285266457680251
64 (5).jpg,0,0.6971830985915493,0.6289752650176679,0.19718309859154928,0.1696113074204947
00317_20.jpg,1,0.3987138263665595,0.45614035087719296,0.1607717041800643,0.09523809523809523
74 (5).jpg,0,0.7754098360655738,0.40145985401459855,0.18032786885245902,0.16058394160583941
71.jpg,0,0.24074074074074073,0.4369918699186992,0.24579124579124578,0.2073170731707317
65.jpg,0,0.25547445255474455,0.4246861924686193,0.29927007299270075,0.2217573221757322
00158_272.jpg,0,0.6712538226299695,0.47719298245614034,0.2782874617737003,0.3087719298245614
00194_226.jpg,0,0.5714285714285714,0.5589970501474927,0.22527472527472528,0.1976401179941003
00254_79.jpg,1,0.2849462365591398,0.37438423645320196,0.17204301075268819,0.20689655172413793
85 (6).jpg,1,0.264026402640264,0.4983388704318937,0.1848184818481848,0.21926910299003322
00124_8.jpg,0,0.7037037037037037,0.4935064935064935,0.2857142857142857,0.36363636363636365
00172_108.jpg,0,0.7932960893854749,0.5272277227722773,0.1564245810055866,0.20297029702970298
77 (3).jpg,0,0.2974683544303797,0.6574074074074074,0.1518987341772152,0.15925925925925927
67 (3).jpg,0,0.4983388704318937,0.43410852713178294,0.11960132890365449,0.23255813953488372
70 (7).jpg,1,0.3247588424437299,0.23898305084745763,0.09646302250803858,0.09152542372881356
00176_89.jpg,0,0.7336956521739131,0.41853932584269665,0.25,0.3651685393258427
82 (2).jpg,0,0.7976973684210527,0.37540983606557377,0.20723684210526316,0.16721311475409836
00187_118.jpg,1,0.2926470588235294,0.34674922600619196,0.19117647058823528,0.19814241486068113
00130_239.jpg,0,0.6922043010752689,0.45652173913043476,0.22311827956989247,0.26421404682274247
00077_166.jpg,1,0.28201634877384196,0.4068047337278107,0.16621253405994552,0.16863905325443787
92 (2).jpg,0,0.8180212014134276,0.378839590443686,0.15901060070671377,0.23890784982935154
00350_157.jpg,1,0.45955882352941174,0.2467948717948718,0.11029411764705882,0.1858974358974359
89 (5).jpg,1,0.3081761006289308,0.4854368932038835,0.1949685534591195,0.26537216828478966
00165_176.jpg,0,0.4603960396039604,0.38235294117647056,0.12376237623762376,0.13725490196078433
00117_200.jpg,1,0.7167630057803468,0.4078549848942598,0.15028901734104047,0.15709969788519637
00162_122.jpg,0,0.41184971098265893,0.657088122605364,0.10115606936416185,0.1724137931034483
00097_77.jpg,0,0.75,0.6609756097560976,0.19411764705882353,0.18048780487804877
00105_113.jpg,1,0.6473354231974922,0.39144736842105265,0.1974921630094044,0.32894736842105265
00329_90.jpg,1,0.33611111111111114,0.3686868686868687,0.1388888888888889,0.1111111111111111
00077_206.jpg,1,0.30423280423280424,0.3887240356083086,0.2857142857142857,0.26112759643916916
73.jpg,0,0.23,0.4493927125506073,0.21333333333333335,0.19433198380566802
00240_134.jpg,1,0.5182926829268293,0.3617021276595745,0.13414634146341464,0.14893617021276595
67.jpg,0,0.25265017667844525,0.43621399176954734,0.30742049469964666,0.2551440329218107
00250_120.jpg,1,0.3684210526315789,0.5847457627118644,0.23391812865497075,0.1864406779661017
00104_19.jpg,0,0.6048951048951049,0.34516129032258064,0.09090909090909091,0.08387096774193549
00100_136.jpg,1,0.33810888252148996,0.36721991701244816,0.18911174785100288,0.2863070539419087
00317_22.jpg,1,0.3709677419354839,0.4421052631578947,0.1870967741935484,0.12105263157894737
98.jpg,0,0.33516483516483514,0.2906574394463668,0.2087912087912088,0.21453287197231835
65 (8).jpg,1,0.35917721518987344,0.3935810810810811,0.16772151898734178,0.24662162162162163
75 (8).jpg,1,0.27348993288590606,0.4984472049689441,0.12416107382550336,0.13354037267080746
00072_196.jpg,0,0.19047619047619047,0.40993788819875776,0.11428571428571428,0.13664596273291926
78 (6).jpg,1,0.4921383647798742,0.5501672240802675,0.0660377358490566,0.07023411371237458
68 (6).jpg,1,0.20648464163822525,0.575091575091575,0.20136518771331058,0.21978021978021978
00133_266.jpg,0,0.46153846153846156,0.5484949832775919,0.19692307692307692,0.22742474916387959
00121_175.jpg,0,0.8520710059171598,0.5757097791798107,0.15384615384615385,0.26813880126182965
67 (11).jpg,1,0.25671140939597314,0.3856088560885609,0.22483221476510068,0.2988929889298893
66 (11).jpg,1,0.3959731543624161,0.29739776951672864,0.06711409395973154,0.08921933085501858
66 (11).jpg,1,0.5738255033557047,0.20631970260223048,0.087248322147651,0.07806691449814127
00144_243.jpg,1,0.521505376344086,0.5594059405940595,0.21505376344086022,0.1617161716171617
99.jpg,0,0.5254777070063694,0.5302013422818792,0.2229299363057325,0.24161073825503357
00136_121.jpg,1,0.6484149855907781,0.625,0.26512968299711814,0.21103896103896103
69 (7).jpg,1,0.35855263157894735,0.34539473684210525,0.11842105263157894,0.15789473684210525
00317_23.jpg,1,0.3766025641025641,0.4353099730458221,0.1955128205128205,0.11590296495956873
79 (7).jpg,0,0.6515151515151515,0.5903426791277259,0.2255892255892256,0.21495327102803738
00095_243.jpg,0,0.3034825870646766,0.4645390070921986,0.2736318407960199,0.2695035460992908
00104_18.jpg,0,0.5732484076433121,0.3808139534883721,0.14012738853503184,0.20348837209302326
66.jpg,0,0.31683168316831684,0.5459363957597173,0.1254125412541254,0.14487632508833923
74 (9).jpg,1,0.3264984227129338,0.530188679245283,0.13564668769716087,0.24528301886792453
00250_121.jpg,1,0.3362573099415205,0.5955056179775281,0.19298245614035087,0.1797752808988764
00303_81.jpg,1,0.7417582417582418,0.6160220994475138,0.18681318681318682,0.16022099447513813
72.jpg,0,0.3958333333333333,0.5242537313432836,0.13782051282051283,0.12313432835820895
74 (12).jpg,1,0.2914012738853503,0.5654761904761905,0.27070063694267515,0.3392857142857143
88 (4).jpg,1,0.33263598326359833,0.3125,0.12133891213389121,0.13257575757575757
98 (4).jpg,1,0.24848484848484848,0.3766025641025641,0.1393939393939394,0.10576923076923077
00097_76.jpg,0,0.7441176470588236,0.6553398058252428,0.19411764705882353,0.18446601941747573
00178_140.jpg,1,0.6082887700534759,0.4492307692307692,0.17379679144385027,0.22153846153846155
00061_108.jpg,0,0.6070496083550914,0.5486577181208053,0.08616187989556136,0.08389261744966443
00195_208.jpg,0,0.5549597855227882,0.2993421052631579,0.09115281501340483,0.125
00124_150.jpg,0,0.5201612903225806,0.4894894894894895,0.29301075268817206,0.26426426426426425
00124_96.jpg,0,0.4920886075949367,0.546594982078853,0.4525316455696203,0.4050179211469534
00177_241.jpg,1,0.5497159090909091,0.5179153094462541,0.21875,0.23452768729641693
00116_15.jpg,0,0.3127853881278539,0.6777777777777778,0.1506849315068493,0.15555555555555556
00078_258.jpg,1,0.6731843575418994,0.25359712230215825,0.11731843575418995,0.21223021582733814
00132_130.jpg,0,0.38309859154929576,0.4804560260586319,0.2535211267605634,0.2703583061889251
00104_132.jpg,0,0.34375,0.2829581993569132,0.09510869565217392,0.10289389067524116
00263_123.jpg,1,0.4101123595505618,0.5,0.24719101123595505,0.15454545454545454
68 (10).jpg,1,0.7252559726962458,0.6314814814814815,0.18771331058020477,0.27037037037037037
00263_137.jpg,1,0.3614457831325301,0.5265700483091788,0.13253012048192772,0.17391304347826086
00150_252.jpg,0,0.3897058823529412,0.5363636363636364,0.15,0.14909090909090908
00124_6.jpg,0,0.7124352331606217,0.47073170731707314,0.22279792746113988,0.28780487804878047
00066_145.jpg,1,0.6031746031746031,0.5071174377224199,0.07407407407407407,0.09608540925266904
00159_133.jpg,1,0.3753280839895013,0.3146417445482866,0.08923884514435695,0.1059190031152648
00240_138.jpg,1,0.5191082802547771,0.3567567567567568,0.17197452229299362,0.1837837837837838
00151_14.jpg,0,0.5212264150943396,0.31069958847736623,0.30660377358490565,0.30864197530864196
00087_149.jpg,1,0.5027777777777778,0.6443298969072165,0.10555555555555556,0.2027491408934708
00058_141.jpg,1,0.7436260623229461,0.5343137254901961,0.11048158640226628,0.09477124183006536
00250_110.jpg,1,0.3988439306358382,0.5299401197604791,0.2658959537572254,0.18562874251497005
00250_104.jpg,1,0.32571428571428573,0.48502994011976047,0.09142857142857143,0.1317365269461078
00313_119.jpg,1,0.5243243243243243,0.7956730769230769,0.07567567567567568,0.1201923076923077
00104_15.jpg,0,0.556497175141243,0.37073170731707317,0.22033898305084745,0.23414634146341465
94.jpg,0,0.8309090909090909,0.3723776223776224,0.12,0.17132867132867133
00147_170.jpg,0,0.7213333333333334,0.3730407523510972,0.12,0.16300940438871472
00147_170.jpg,0,0.8253333333333334,0.3620689655172414,0.06133333333333333,0.08463949843260188
00136_138.jpg,1,0.6159217877094972,0.615625,0.20391061452513967,0.23125
00122_11.jpg,0,0.720108695652174,0.6166666666666667,0.08152173913043478,0.06190476190476191
80.jpg,0,0.7344262295081967,0.6121495327102804,0.09836065573770492,0.06542056074766354
68 (5).jpg,1,0.2727272727272727,0.7182539682539683,0.14685314685314685,0.15079365079365079
78 (5).jpg,1,0.7379421221864951,0.6166077738515902,0.2347266881028939,0.22968197879858657
00064_121.jpg,0,0.3114973262032086,0.44212218649517687,0.28609625668449196,0.2604501607717042
00146_160.jpg,1,0.40025906735751293,0.26461038961038963,0.16839378238341968,0.2305194805194805
00156_148.jpg,1,0.2704225352112676,0.32621951219512196,0.3154929577464789,0.3048780487804878
00154_267.jpg,0,0.8012618296529969,0.6661290322580645,0.1829652996845426,0.1967741935483871
66 (12).jpg,1,0.7594501718213058,0.640926640926641,0.26804123711340205,0.3088803088803089
00176_127.jpg,0,0.5253164556962026,0.4966996699669967,0.3291139240506329,0.24092409240924093
00148_20.jpg,0,0.7960122699386503,0.40625,0.18098159509202455,0.19940476190476192
00122_10.jpg,0,0.6908602150537635,0.6455399061032864,0.1774193548387097,0.2112676056338028
79 (4).jpg,0,0.18829113924050633,0.5340501792114696,0.1930379746835443,0.2007168458781362
81.jpg,0,0.5676567656765676,0.3414179104477612,0.19141914191419143,0.22014925373134328
00106_195.jpg,1,0.39913544668587897,0.3458083832335329,0.11239193083573487,0.1467065868263473
69 (4).jpg,0,0.7525083612040134,0.42938931297709926,0.14046822742474915,0.13358778625954199
95.jpg,0,0.37589928057553956,0.39791666666666664,0.24820143884892087,0.2875
00352_103.jpg,1,0.32,0.5975609756097561,0.17142857142857143,0.12195121951219512
00260_142.jpg,1,0.532,0.45394736842105265,0.152,0.11842105263157894
00313_118.jpg,1,0.521505376344086,0.7922705314009661,0.08602150537634409,0.11594202898550725
00104_14.jpg,0,0.55,0.3466981132075472,0.16666666666666666,0.17452830188679244
00313_124.jpg,1,0.5244565217391305,0.8201970443349754,0.10326086956521739,0.11330049261083744
00313_130.jpg,1,0.5386740331491713,0.815,0.11602209944751381,0.11
00151_15.jpg,0,0.5682926829268292,0.3438818565400844,0.2097560975609756,0.26582278481012656
00169_149.jpg,0,0.33620689655172414,0.5857843137254902,0.14367816091954022,0.10294117647058823
00099_137.jpg,0,0.3592814371257485,0.7435897435897436,0.17964071856287425,0.17435897435897435
74 (11).jpg,1,0.7483660130718954,0.6184668989547039,0.26143790849673204,0.2613240418118467
00124_7.jpg,0,0.7146596858638743,0.502283105022831,0.24607329842931938,0.319634703196347
00254_89.jpg,1,0.3087431693989071,0.4182692307692308,0.10382513661202186,0.11538461538461539
00306_115.jpg,1,0.7035928143712575,0.5461165048543689,0.1377245508982036,0.13106796116504854
00192_244.jpg,0,0.6063829787234043,0.6175438596491228,0.11702127659574468,0.12631578947368421
00109_104.jpg,1,0.5743034055727554,0.3938356164383562,0.2693498452012384,0.2465753424657534
00178_158.jpg,1,0.5666666666666667,0.4510703363914373,0.168,0.2415902140672783
00176_92.jpg,0,0.7197802197802198,0.4147727272727273,0.24175824175824176,0.375
00063_217.jpg,1,0.5977722772277227,0.18292682926829268,0.12623762376237624,0.18902439024390244
70 (8).jpg,1,0.7679180887372014,0.6425925925925926,0.20477815699658702,0.34444444444444444
00116_14.jpg,0,0.3068181818181818,0.6781818181818182,0.16818181818181818,0.12727272727272726
00296_132.jpg,1,0.5212121212121212,0.4308510638297872,0.10909090909090909,0.19148936170212766
00296_124.jpg,1,0.5261627906976745,0.4413265306122449,0.14534883720930233,0.2193877551020408
00296_130.jpg,1,0.5240963855421686,0.4348958333333333,0.12048192771084337,0.22395833333333334
00296_118.jpg,1,0.5255681818181818,0.4696969696969697,0.10795454545454546,0.13131313131313133
00116_16.jpg,0,0.3271889400921659,0.7180451127819549,0.16589861751152074,0.18045112781954886
84 (4).jpg,1,0.28095238095238095,0.5571847507331378,0.21904761904761905,0.21700879765395895
94 (4).jpg,1,0.16554054054054054,0.36437908496732024,0.16216216216216217,0.18627450980392157
00074_269.jpg,1,0.22752043596730245,0.43645484949832775,0.11716621253405994,0.11705685618729098
00097_87.jpg,0,0.7582236842105263,0.38702928870292885,0.22039473684210525,0.3054393305439331
71 (5).jpg,1,0.28338762214983715,0.5395256916996047,0.19543973941368079,0.30434782608695654
00056_129.jpg,1,0.47107438016528924,0.5578231292517006,0.3305785123966942,0.23129251700680273
61 (5).jpg,1,0.34210526315789475,0.2028985507246377,0.09868421052631579,0.16666666666666666
61 (5).jpg,1,0.48026315789473684,0.46557971014492755,0.09210526315789473,0.09057971014492754
00313_126.jpg,1,0.5327868852459017,0.8103448275862069,0.11475409836065574,0.10344827586206896
00151_17.jpg,0,0.5888324873096447,0.3094170403587444,0.15228426395939088,0.10762331838565023
00281_98.jpg,1,0.42134831460674155,0.22110552763819097,0.06741573033707865,0.08040201005025126
68.jpg,0,0.28448275862068967,0.7014388489208633,0.27241379310344827,0.3381294964028777
00104_16.jpg,0,0.5574712643678161,0.38974358974358975,0.22988505747126436,0.2564102564102564
62 (3).jpg,0,0.23007246376811594,0.7388059701492538,0.14855072463768115,0.23134328358208955
00097_162.jpg,0,0.32124352331606215,0.25,0.12435233160621761,0.16666666666666666
72 (3).jpg,0,0.7475247524752475,0.42435424354243545,0.12211221122112212,0.14022140221402213
72 (3).jpg,0,0.83003300330033,0.3948339483394834,0.08250825082508251,0.12546125461254612
00183_109.jpg,0,0.2875816993464052,0.3516483516483517,0.1437908496732026,0.1391941391941392
62 (10).jpg,1,0.3,0.26515151515151514,0.17966101694915254,0.12878787878787878
83.jpg,0,0.643344709897611,0.5851735015772871,0.2150170648464164,0.21766561514195584
97.jpg,0,0.23833333333333334,0.5124610591900312,0.2633333333333333,0.21495327102803738
80 (6).jpg,1,0.75,0.650375939849624,0.22258064516129034,0.3157894736842105
00054_164.jpg,1,0.3425655976676385,0.2711598746081505,0.2886297376093295,0.30407523510971785
00148_22.jpg,0,0.7865853658536586,0.46816976127320953,0.17682926829268292,0.16180371352785147
97 (2).jpg,1,0.14736842105263157,0.3745819397993311,0.10526315789473684,0.1806020066889632
68 (9).jpg,1,0.37066246056782337,0.340625,0.17981072555205047,0.21875
00334_121.jpg,1,0.42151162790697677,0.6042654028436019,0.1569767441860465,0.09004739336492891
00150_8.jpg,0,0.2910662824207493,0.5153452685421995,0.138328530259366,0.1969309462915601
87 (2).jpg,0,0.6167247386759582,0.6052631578947368,0.17421602787456447,0.14473684210526316
00271_145.jpg,1,0.38461538461538464,0.6023391812865497,0.13986013986013987,0.1286549707602339
65 (7).jpg,1,0.28807947019867547,0.2878787878787879,0.17218543046357615,0.13636363636363635
75 (7).jpg,1,0.23411371237458195,0.5460750853242321,0.28762541806020064,0.2593856655290102
00123_241.jpg,0,0.580110497237569,0.4216300940438871,0.18232044198895028,0.20376175548589343
00334_120.jpg,1,0.41812865497076024,0.6184834123222749,0.18128654970760233,0.11848341232227488
73 (2).jpg,0,0.5130293159609121,0.43537414965986393,0.250814332247557,0.23809523809523808
73 (2).jpg,0,0.3745928338762215,0.2891156462585034,0.13029315960912052,0.16326530612244897
00150_9.jpg,0,0.3075801749271137,0.5242718446601942,0.1836734693877551,0.18446601941747573
63 (2).jpg,0,0.3288135593220339,0.5625,0.16271186440677965,0.175
00334_108.jpg,1,0.3808139534883721,0.6372093023255814,0.23837209302325582,0.18604651162790697
00201_121.jpg,0,0.7136363636363636,0.30756578947368424,0.3484848484848485,0.3519736842105263
74 (6).jpg,0,0.3209677419354839,0.5126984126984127,0.267741935483871,0.2
96.jpg,0,0.8383458646616542,0.3527272727272727,0.09022556390977443,0.13090909090909092
82.jpg,0,0.3605769230769231,0.42,0.2403846153846154,0.3527272727272727
00098_247.jpg,1,0.4753846153846154,0.580267558528428,0.3476923076923077,0.19063545150501673
64 (6).jpg,1,0.22535211267605634,0.5837004405286343,0.176056338028169,0.34801762114537443
00071_259.jpg,1,0.80835734870317,0.4503311258278146,0.2334293948126801,0.32450331125827814
128 (2).jpg,0,0.5113636363636364,0.5411392405063291,0.1590909090909091,0.18354430379746836
128 (2).jpg,0,0.6931818181818182,0.6677215189873418,0.09090909090909091,0.10759493670886076
69 (8).jpg,1,0.7525252525252525,0.6412213740458015,0.25925925925925924,0.31297709923664124
96 (3).jpg,0,0.24666666666666667,0.5124223602484472,0.2,0.21739130434782608
00104_17.jpg,0,0.5701219512195121,0.375,0.20121951219512196,0.2717391304347826
00158_256.jpg,0,0.663768115942029,0.4716666666666667,0.2318840579710145,0.25666666666666665
79 (8).jpg,1,0.3507692307692308,0.45645161290322583,0.10461538461538461,0.11290322580645161
00313_133.jpg,1,0.5421348314606742,0.823076923076923,0.11797752808988764,0.1076923076923077
69.jpg,0,0.25601374570446733,0.4186991869918699,0.29896907216494845,0.21951219512195122
00137_249.jpg,0,0.5017182130584192,0.3630952380952381,0.24054982817869416,0.34523809523809523
00108_102.jpg,0,0.3546511627906977,0.5838926174496645,0.06976744186046512,0.09395973154362416
85 (5).jpg,1,0.22036474164133737,0.48722044728434505,0.17325227963525835,0.13099041533546327
00273_109.jpg,1,0.7443820224719101,0.4900990099009901,0.12921348314606743,0.12871287128712872
00097_79.jpg,0,0.7470238095238095,0.6633663366336634,0.17261904761904762,0.1782178217821782
00263_109.jpg,1,0.36033519553072624,0.5044052863436124,0.12849162011173185,0.11013215859030837
00306_96.jpg,1,0.7134502923976608,0.5,0.19883040935672514,0.25961538461538464
00306_102.jpg,1,0.7251461988304093,0.5238095238095238,0.23391812865497075,0.24761904761904763
00172_110.jpg,0,0.5478395061728395,0.5185185185185185,0.2006172839506173,0.15488215488215487
70 (4).jpg,0,0.3250825082508251,0.5219435736677116,0.2079207920792079,0.16614420062695925
00105_94.jpg,1,0.6035714285714285,0.3284132841328413,0.09285714285714286,0.1992619926199262
00177_280.jpg,1,0.5016393442622951,0.5691699604743083,0.43278688524590164,0.3952569169960474
00158_108.jpg,0,0.2818181818181818,0.6675,0.18787878787878787,0.195
00187_100.jpg,1,0.2698412698412698,0.34551495016611294,0.13968253968253969,0.132890365448505
00165_193.jpg,0,0.4544303797468354,0.4025974025974026,0.11392405063291139,0.11038961038961038
00296_125.jpg,1,0.5264705882352941,0.42424242424242425,0.13529411764705881,0.25252525252525254
00116_13.jpg,0,0.3071748878923767,0.6732851985559567,0.16591928251121077,0.1624548736462094
70 (5).jpg,1,0.7508305647840532,0.7145328719723183,0.25249169435215946,0.28027681660899656
00165_140.jpg,0,0.461038961038961,0.35494880546075086,0.15844155844155844,0.21160409556313994
106 (2).jpg,0,0.5372670807453416,0.5193548387096775,0.21739130434782608,0.22580645161290322
00263_125.jpg,1,0.38636363636363635,0.5114155251141552,0.22727272727272727,0.1643835616438356
00172_114.jpg,0,0.8146067415730337,0.5671641791044776,0.10112359550561797,0.09950248756218906
00306_92.jpg,1,0.7235294117647059,0.48284313725490197,0.2235294117647059,0.24019607843137256
95 (4).jpg,1,0.24363636363636362,0.44280442804428044,0.24,0.2656826568265683
00099_130.jpg,0,0.3567251461988304,0.7307692307692307,0.14035087719298245,0.14871794871794872
85 (4).jpg,0,0.85828025477707,0.5160256410256411,0.1305732484076433,0.16025641025641027
00192_280.jpg,0,0.5265625,0.630188679245283,0.196875,0.1660377358490566
00056_110.jpg,1,0.5691176470588235,0.559040590405904,0.1676470588235294,0.15867158671586715
00056_110.jpg,1,0.39558823529411763,0.6143911439114391,0.17941176470588235,0.2029520295202952
86 (2).jpg,0,0.3242320819112628,0.5016339869281046,0.18430034129692832,0.17973856209150327
96 (2).jpg,0,0.33629893238434166,0.2910958904109589,0.21708185053380782,0.2191780821917808
79 (9).jpg,1,0.7451612903225806,0.6477272727272727,0.23870967741935484,0.3409090909090909
00177_125.jpg,1,0.6401098901098901,0.4828767123287671,0.08791208791208792,0.07534246575342465
79.jpg,0,0.370253164556962,0.44343065693430656,0.23417721518987342,0.3102189781021898
00167_125.jpg,0,0.4186046511627907,0.8004807692307693,0.12790697674418605,0.09134615384615384
00151_12.jpg,0,0.6142857142857143,0.27710843373493976,0.26666666666666666,0.28112449799196787
74 (7).jpg,1,0.40454545454545454,0.1819571865443425,0.11818181818181818,0.18654434250764526
86.jpg,0,0.794314381270903,0.4013377926421405,0.22408026755852842,0.2408026755852843
92.jpg,0,0.375,0.4146341463414634,0.2636986301369863,0.3170731707317073
64 (7).jpg,1,0.21746031746031746,0.3644067796610169,0.19365079365079366,0.3016949152542373
144.jpg,0,0.6379310344827587,0.43575418994413406,0.09195402298850575,0.0782122905027933
00317_28.jpg,1,0.35192307692307695,0.39225589225589225,0.08846153846153847,0.09090909090909091
00144_260.jpg,1,0.5214285714285715,0.5795053003533569,0.3,0.2756183745583039
73 (3).jpg,0,0.271523178807947,0.6697761194029851,0.23178807947019867,0.2947761194029851
00066_221.jpg,1,0.6005434782608695,0.49460431654676257,0.07065217391304347,0.08992805755395683
63 (3).jpg,0,0.8135048231511254,0.506872852233677,0.18006430868167203,0.17525773195876287
00154_248.jpg,0,0.8072289156626506,0.6563467492260062,0.21686746987951808,0.17956656346749225
81 (6).jpg,1,0.22916666666666666,0.5365079365079365,0.27976190476190477,0.26031746031746034
91 (6).jpg,1,0.17320261437908496,0.41830065359477125,0.10457516339869281,0.0915032679738562
00184_164.jpg,0,0.5481283422459893,0.5045317220543807,0.11229946524064172,0.10876132930513595
65 (6).jpg,1,0.7586206896551724,0.6180555555555556,0.23448275862068965,0.2777777777777778
00109_85.jpg,1,0.5867346938775511,0.3596153846153846,0.2755102040816326,0.3038461538461538
00111_110.jpg,0,0.7325581395348837,0.3619047619047619,0.11627906976744186,0.13333333333333333
75 (6).jpg,1,0.26804123711340205,0.18729641693811075,0.09621993127147767,0.08794788273615635
75 (6).jpg,1,0.34536082474226804,0.3583061889250814,0.20962199312714777,0.2996742671009772
00121_157.jpg,0,0.8474320241691843,0.5899053627760252,0.1661631419939577,0.22712933753943218
97 (3).jpg,1,0.708029197080292,0.5277777777777778,0.22627737226277372,0.19444444444444445
68 (8).jpg,1,0.20679012345679013,0.6354166666666666,0.25925925925925924,0.3333333333333333
00176_109.jpg,0,0.4982876712328767,0.48214285714285715,0.3732876712328767,0.2857142857142857
87 (3).jpg,0,0.8461538461538461,0.5390879478827362,0.16025641025641027,0.15960912052117263
00136_103.jpg,1,0.6779141104294478,0.6538461538461539,0.2085889570552147,0.21678321678321677
62 (11).jpg,1,0.2103448275862069,0.37358490566037733,0.1724137931034483,0.2037735849056604
93.jpg,0,0.3797909407665505,0.4077868852459016,0.2578397212543554,0.29918032786885246
87.jpg,0,0.24603174603174602,0.4608150470219436,0.30793650793650795,0.219435736677116
80 (7).jpg,1,0.764505119453925,0.49203821656050956,0.22525597269624573,0.1624203821656051
00151_13.jpg,0,0.5384615384615384,0.29838709677419356,0.4326923076923077,0.33064516129032256
78.jpg,0,0.37936507936507935,0.46111111111111114,0.2126984126984127,0.3
62 (2).jpg,0,0.2925170068027211,0.6551094890510949,0.19047619047619047,0.2591240875912409
72 (2).jpg,0,0.6383333333333333,0.7303571428571428,0.17666666666666667,0.18928571428571428
00097_83.jpg,0,0.7606060606060606,0.673469387755102,0.15151515151515152,0.14285714285714285
00137_264.jpg,0,0.48586572438162545,0.34146341463414637,0.20848056537102475,0.34146341463414637
00253_79.jpg,1,0.21965317919075145,0.48409090909090907,0.06936416184971098,0.07727272727272727
71 (4).jpg,1,0.719672131147541,0.6404494382022472,0.1540983606557377,0.21722846441947566
61 (4).jpg,1,0.22743682310469315,0.5833333333333334,0.1588447653429603,0.2807017543859649
00263_130.jpg,1,0.37209302325581395,0.5140845070422535,0.18604651162790697,0.1643192488262911
00253_92.jpg,1,0.21714285714285714,0.46621621621621623,0.09142857142857143,0.06756756756756757
00097_68.jpg,0,0.7557471264367817,0.647196261682243,0.1781609195402299,0.11682242990654206
94 (5).jpg,1,0.7770491803278688,0.5977011494252874,0.20327868852459016,0.2835249042145594
00120_230.jpg,1,0.4758522727272727,0.3517915309446254,0.2585227272727273,0.2280130293159609
00116_12.jpg,0,0.26785714285714285,0.6732851985559567,0.16071428571428573,0.1552346570397112
70 (9).jpg,1,0.24267100977198697,0.6115384615384616,0.23127035830618892,0.24615384615384617
00077_186.jpg,1,0.3245382585751979,0.4123867069486405,0.2638522427440633,0.21450151057401812
00166_241.jpg,1,0.23142857142857143,0.31684981684981683,0.09142857142857143,0.09157509157509157
00105_132.jpg,1,0.6331360946745562,0.2919254658385093,0.15384615384615385,0.18012422360248448
00105_132.jpg,1,0.628698224852071,0.45962732919254656,0.12721893491124261,0.16149068322981366
00142_144.jpg,0,0.28272251308900526,0.3949843260188088,0.13089005235602094,0.15673981191222572
00142_144.jpg,0,0.6047120418848168,0.5642633228840125,0.2879581151832461,0.22570532915360503
74 (10).jpg,1,0.2619047619047619,0.5663082437275986,0.14965986394557823,0.15770609318996415
00097_81.jpg,0,0.7574850299401198,0.67,0.1497005988023952,0.16
75 (10).jpg,1,0.7328990228013029,0.6146788990825688,0.28013029315960913,0.2324159021406728
00250_115.jpg,1,0.3959537572254335,0.5517241379310345,0.23699421965317918,0.19540229885057472
79 (5).jpg,0,0.2845659163987138,0.6148409893992933,0.11254019292604502,0.127208480565371
00095_263.jpg,0,0.2587601078167116,0.47794117647058826,0.23180592991913745,0.21323529411764705
91.jpg,0,0.39078498293515357,0.41832669322709165,0.2832764505119454,0.3346613545816733
69 (5).jpg,0,0.428125,0.2826086956521739,0.19375,0.19254658385093168
85.jpg,0,0.5604575163398693,0.31273408239700373,0.13398692810457516,0.19101123595505617
00059_141.jpg,1,0.3488700564971751,0.5395569620253164,0.1497175141242938,0.12341772151898735
00148_24.jpg,0,0.7819314641744548,0.4846938775510204,0.09345794392523364,0.07142857142857142
66 (13).jpg,1,0.8114754098360656,0.8039568345323741,0.1540983606557377,0.16906474820143885
00090_130.jpg,0,0.553133514986376,0.5101694915254237,0.10354223433242507,0.11864406779661017
00156_164.jpg,1,0.2911931818181818,0.34146341463414637,0.3210227272727273,0.2926829268292683
00133_247.jpg,0,0.4508670520231214,0.5629032258064516,0.24277456647398843,0.27419354838709675
68 (4).jpg,1,0.25,0.6456692913385826,0.2631578947368421,0.29133858267716534
78 (4).jpg,1,0.3948170731707317,0.18693009118541035,0.13719512195121952,0.19756838905775076
00138_235.jpg,1,0.8031914893617021,0.2515923566878981,0.0851063829787234,0.10191082802547771
00148_19.jpg,0,0.7978056426332288,0.3745980707395498,0.1724137931034483,0.21543408360128619
84.jpg,0,0.20144927536231885,0.5805471124620061,0.2,0.1702127659574468
84.jpg,0,0.3565217391304348,0.4908814589665654,0.06376811594202898,0.06990881458966565
00143_236.jpg,1,0.4748603351955307,0.46742671009771986,0.329608938547486,0.2247557003257329
00100_102.jpg,1,0.3338762214983713,0.4017467248908297,0.13355048859934854,0.2096069868995633
90.jpg,0,0.3294314381270903,0.3283333333333333,0.1505016722408027,0.19666666666666666
00183_126.jpg,0,0.2960122699386503,0.38,0.2668711656441718,0.26
00151_10.jpg,0,0.6348837209302326,0.26778242677824265,0.2558139534883721,0.2510460251046025
00167_127.jpg,0,0.4161849710982659,0.7980769230769231,0.11560693641618497,0.07692307692307693
00328_100.jpg,1,0.28688524590163933,0.6785714285714286,0.22404371584699453,0.12857142857142856
00058_179.jpg,1,0.4258241758241758,0.23063973063973064,0.1813186813186813,0.25252525252525254
00077_226.jpg,1,0.30294906166219837,0.3588588588588589,0.2520107238605898,0.22522522522522523
00097_80.jpg,0,0.7529761904761905,0.664179104477612,0.18452380952380953,0.17412935323383086
00263_133.jpg,1,0.36764705882352944,0.5190476190476191,0.1588235294117647,0.1619047619047619
00172_102.jpg,0,0.787292817679558,0.5153061224489796,0.1712707182320442,0.2755102040816326
61 (8).jpg,1,0.24048442906574394,0.41412213740458015,0.07958477508650519,0.09541984732824428
00253_85.jpg,1,0.21714285714285714,0.46860986547085204,0.09142857142857143,0.1031390134529148
00178_175.jpg,1,0.5576407506702413,0.4501557632398754,0.13941018766756033,0.2087227414330218
00191_143.jpg,0,0.5198412698412699,0.5640625,0.11904761904761904,0.109375
00122_108.jpg,0,0.6702453987730062,0.484375,0.2361963190184049,0.2743055555555556
00116_11.jpg,0,0.2643171806167401,0.6402214022140221,0.14977973568281938,0.12177121771217712
00116_231.jpg,0,0.673728813559322,0.49059561128526646,0.2231638418079096,0.29780564263322884
00359_97.jpg,1,0.28313253012048195,0.6104972375690608,0.0963855421686747,0.08287292817679558
00340_138.jpg,1,0.7379518072289156,0.40384615384615385,0.12650602409638553,0.08241758241758242
66 (7).jpg,1,0.23183391003460208,0.5803571428571429,0.20761245674740483,0.36607142857142855
76 (7).jpg,1,0.3972809667673716,0.18292682926829268,0.11782477341389729,0.20121951219512196
00165_125.jpg,0,0.6169590643274854,0.4879807692307692,0.15789473684210525,0.15865384615384615
00191_124.jpg,0,0.5123626373626373,0.5504885993485342,0.20604395604395603,0.18241042345276873
00132_147.jpg,0,0.3956043956043956,0.4967741935483871,0.21978021978021978,0.23870967741935484
00311_123.jpg,1,0.8087431693989071,0.5173267326732673,0.08743169398907104,0.07425742574257425
94 (2).jpg,0,0.2297734627831715,0.43103448275862066,0.2524271844660194,0.22884012539184953
84 (2).jpg,1,0.229607250755287,0.4744408945686901,0.21148036253776434,0.1182108626198083
93 (6).jpg,1,0.24468085106382978,0.4517857142857143,0.22695035460992907,0.26071428571428573
00112_12.jpg,0,0.7201492537313433,0.8375394321766562,0.11940298507462686,0.12302839116719243
00072_80.jpg,0,0.4363957597173145,0.4940944881889764,0.3215547703180212,0.27165354330708663
00074_209.jpg,1,0.2524390243902439,0.48761609907120745,0.23170731707317074,0.18885448916408668
00183_86.jpg,0,0.6120689655172413,0.2925531914893617,0.2471264367816092,0.18085106382978725
00281_104.jpg,1,0.4124293785310734,0.21683673469387754,0.15819209039548024,0.15816326530612246
00281_110.jpg,1,0.41714285714285715,0.228643216080402,0.17142857142857143,0.17587939698492464
61 (3).jpg,0,0.7980456026058632,0.5034129692832765,0.16286644951140064,0.16040955631399317
71 (3).jpg,0,0.5048701298701299,0.45907473309608543,0.22402597402597402,0.24199288256227758
71 (3).jpg,0,0.3717532467532468,0.30071174377224197,0.11363636363636363,0.14590747330960854
00058_122.jpg,1,0.7418879056047197,0.5488215488215489,0.168141592920354,0.18181818181818182
72 (5).jpg,0,0.42476489028213166,0.2848297213622291,0.14733542319749215,0.13003095975232198
62 (5).jpg,0,0.7258064516129032,0.25675675675675674,0.16774193548387098,0.1583011583011583
00158_90.jpg,0,0.28654970760233917,0.6,0.29239766081871343,0.2564102564102564
109.jpg,0,0.5398773006134969,0.5256410256410257,0.2085889570552147,0.23076923076923078
00151_195.jpg,0,0.31754874651810583,0.42483660130718953,0.2395543175487465,0.2222222222222222
00066_278.jpg,1,0.25444839857651247,0.4025423728813559,0.09608540925266904,0.1271186440677966
00176_145.jpg,0,0.5241691842900302,0.48083067092651754,0.24471299093655588,0.19488817891373802
79 (10).jpg,1,0.35587188612099646,0.3443708609271523,0.24199288256227758,0.31125827814569534
87 (4).jpg,1,0.2435483870967742,0.40372670807453415,0.16451612903225807,0.16770186335403728
104 (2).jpg,0,0.5375,0.5196078431372549,0.2125,0.22875816993464052
00156_116.jpg,1,0.2529585798816568,0.3037383177570093,0.14497041420118342,0.1526479750778816
00273_86.jpg,1,0.7231638418079096,0.424390243902439,0.21468926553672316,0.28292682926829266
65 (11).jpg,1,0.26071428571428573,0.7182539682539683,0.17142857142857143,0.16666666666666666
00169_260.jpg,0,0.5712025316455697,0.4980769230769231,0.2120253164556962,0.22692307692307692
00304_113.jpg,1,0.2988826815642458,0.41545893719806765,0.15083798882681565,0.2028985507246377
00271_124.jpg,1,0.39705882352941174,0.605,0.19411764705882353,0.22
00271_130.jpg,1,0.3885542168674699,0.6354166666666666,0.15060240963855423,0.17708333333333334
00304_107.jpg,1,0.2893258426966292,0.40048543689320387,0.21910112359550563,0.24757281553398058
00154_210.jpg,0,0.8505747126436781,0.7178362573099415,0.10919540229885058,0.13742690058479531
63 (4).jpg,0,0.6978798586572438,0.6438848920863309,0.21554770318021202,0.2014388489208633
73 (4).jpg,1,0.7524916943521595,0.6273408239700374,0.22259136212624583,0.3707865168539326
00186_207.jpg,1,0.592255125284738,0.31402439024390244,0.20045558086560364,0.18902439024390244
00107_118.jpg,1,0.4069069069069069,0.3643533123028391,0.15915915915915915,0.15457413249211358
00100_170.jpg,1,0.330188679245283,0.3506224066390041,0.0889487870619946,0.15352697095435686
108.jpg,0,0.7152542372881356,0.49333333333333335,0.18983050847457628,0.23333333333333334
00201_141.jpg,0,0.6966292134831461,0.340625,0.3146067415730337,0.29375
00260_121.jpg,1,0.5120481927710844,0.47554347826086957,0.18072289156626506,0.16847826086956522
00305_116.jpg,1,0.6981132075471698,0.4044943820224719,0.06289308176100629,0.0449438202247191
96 (5).jpg,1,0.24444444444444444,0.4641509433962264,0.2222222222222222,0.2641509433962264
85 (3).jpg,0,0.6396551724137931,0.5795454545454546,0.21724137931034482,0.22402597402597402
00099_154.jpg,0,0.3387096774193548,0.7650273224043715,0.10967741935483871,0.09836065573770492
95 (3).jpg,1,0.21428571428571427,0.5030769230769231,0.22259136212624583,0.20615384615384616
77 (6).jpg,1,0.7581168831168831,0.6340996168582376,0.19805194805194806,0.36398467432950193
76 (12).jpg,1,0.29430379746835444,0.5471976401179941,0.25316455696202533,0.31563421828908556
67 (6).jpg,1,0.7559322033898305,0.7581227436823105,0.25084745762711863,0.2527075812274368
70 (2).jpg,0,0.33544303797468356,0.44696969696969696,0.1518987341772152,0.19696969696969696
00124_12.jpg,0,0.6761658031088082,0.5491071428571429,0.19170984455958548,0.21428571428571427
00104_150.jpg,0,0.34564643799472294,0.28056426332288403,0.21635883905013192,0.22884012539184953
00165_118.jpg,0,0.6069364161849711,0.48130841121495327,0.20809248554913296,0.1588785046728972
00350_139.jpg,1,0.44047619047619047,0.2734375,0.17857142857142858,0.203125
00177_221.jpg,1,0.555256064690027,0.4936708860759494,0.10242587601078167,0.13924050632911392
00104_185.jpg,0,0.33516483516483514,0.30655737704918035,0.17032967032967034,0.18688524590163935
00193_208.jpg,0,0.5062034739454094,0.5621301775147929,0.10421836228287841,0.24260355029585798
00185_271.jpg,1,0.6987381703470031,0.45292207792207795,0.1608832807570978,0.19155844155844157
00124_10.jpg,0,0.6804123711340206,0.5065502183406113,0.29896907216494845,0.3406113537117904
72 (10).jpg,1,0.8013468013468014,0.7397769516728625,0.26262626262626265,0.2899628252788104
00095_170.jpg,0,0.37425149700598803,0.27581863979848864,0.2215568862275449,0.19395465994962216
00166_224.jpg,1,0.24858757062146894,0.36462093862815886,0.192090395480226,0.17328519855595667
00116_9.jpg,0,0.27801724137931033,0.5659574468085107,0.16810344827586207,0.2723404255319149
00112_11.jpg,0,0.7140221402214022,0.8193548387096774,0.12915129151291513,0.14193548387096774
00334_91.jpg,1,0.3651685393258427,0.5390243902439025,0.16853932584269662,0.18048780487804877
00183_195.jpg,0,0.36134453781512604,0.42746913580246915,0.08403361344537816,0.09567901234567901
00299_101.jpg,1,0.27807486631016043,0.7338308457711443,0.11764705882352941,0.11442786069651742
00095_212.jpg,0,0.3924242424242424,0.3405275779376499,0.36666666666666664,0.2973621103117506
62 (9).jpg,1,0.34098360655737703,0.20652173913043478,0.08524590163934426,0.16666666666666666
62 (9).jpg,1,0.47704918032786886,0.46195652173913043,0.06885245901639345,0.09057971014492754
72 (9).jpg,1,0.2689655172413793,0.5747126436781609,0.11724137931034483,0.14559386973180077
00123_223.jpg,0,0.5840108401084011,0.4373040752351097,0.11653116531165311,0.12225705329153605
00064_140.jpg,0,0.31025641025641026,0.44200626959247646,0.22564102564102564,0.28213166144200624
00328_94.jpg,1,0.28415300546448086,0.6778846153846154,0.20765027322404372,0.16346153846153846
00328_94.jpg,1,0.2896174863387978,0.8004807692307693,0.15300546448087432,0.11057692307692307
78 (3).jpg,0,0.758957654723127,0.37101910828025475,0.10423452768729642,0.08598726114649681
00273_90.jpg,1,0.729050279329609,0.4323671497584541,0.19553072625698323,0.2753623188405797
68 (3).jpg,0,0.3104026845637584,0.5125786163522013,0.1912751677852349,0.14465408805031446
63 (8).jpg,1,0.2208904109589041,0.42293233082706766,0.16095890410958905,0.19172932330827067
00192_191.jpg,0,0.5427461139896373,0.1761904761904762,0.13730569948186527,0.1619047619047619
00060_69.jpg,1,0.6443661971830986,0.4970588235294118,0.05868544600938967,0.08235294117647059
00060_69.jpg,1,0.4812206572769953,0.5514705882352942,0.1596244131455399,0.15
00072_138.jpg,0,0.571072319201995,0.5033444816053512,0.13466334164588528,0.21070234113712374
00282_83.jpg,1,0.24210526315789474,0.3817204301075269,0.1368421052631579,0.15053763440860216
69 (2).jpg,0,0.3396825396825397,0.43796992481203006,0.1523809523809524,0.20676691729323307
79 (2).jpg,0,0.7882736156351792,0.3872549019607843,0.1498371335504886,0.11437908496732026
00260_136.jpg,1,0.5106382978723404,0.4666666666666667,0.1702127659574468,0.15757575757575756
00158_86.jpg,0,0.2807017543859649,0.5851063829787234,0.2573099415204678,0.2765957446808511
00112_10.jpg,0,0.7682481751824818,0.6970260223048327,0.10583941605839416,0.10780669144981413
00112_10.jpg,0,0.7208029197080292,0.8029739776951673,0.12773722627737227,0.11152416356877323
00159_152.jpg,1,0.38491048593350385,0.3445121951219512,0.2020460358056266,0.23780487804878048
00159_152.jpg,1,0.29411764705882354,0.4451219512195122,0.09718670076726342,0.0975609756097561
00172_96.jpg,0,0.7802197802197802,0.49214659685863876,0.18681318681318682,0.28272251308900526
00116_8.jpg,0,0.28888888888888886,0.5759493670886076,0.12444444444444444,0.16455696202531644
00124_11.jpg,0,0.6921052631578948,0.5331858407079646,0.2789473684210526,0.26991150442477874
00178_104.jpg,1,0.6164772727272727,0.49155405405405406,0.20454545454545456,0.23986486486486486
00078_239.jpg,1,0.667989417989418,0.26124567474048443,0.15608465608465608,0.2664359861591695
00305_98.jpg,1,0.7300613496932515,0.3972222222222222,0.09815950920245399,0.08333333333333333
00130_256.jpg,0,0.7017045454545454,0.4627659574468085,0.2897727272727273,0.32978723404255317
00124_114.jpg,0,0.5102339181286549,0.53125,0.43567251461988304,0.33125
00095_161.jpg,0,0.359375,0.47258064516129034,0.10336538461538461,0.11935483870967742
00165_123.jpg,0,0.6133720930232558,0.49038461538461536,0.18023255813953487,0.15384615384615385
00294_20.jpg,1,0.3764367816091954,0.841324200913242,0.1839080459770115,0.18036529680365296
00172_92.jpg,0,0.7756756756756756,0.478494623655914,0.2,0.2903225806451613
00194_259.jpg,0,0.5781710914454278,0.55,0.20058997050147492,0.13225806451612904
00281_116.jpg,1,0.42151162790697677,0.2109375,0.19186046511627908,0.171875
00160_270.jpg,1,0.5405405405405406,0.4794007490636704,0.10810810810810811,0.1198501872659176
00183_80.jpg,0,0.6011560693641619,0.2918918918918919,0.15028901734104047,0.12972972972972974
00270_13.jpg,1,0.2675438596491228,0.4532828282828283,0.11988304093567251,0.10858585858585859
00359_115.jpg,1,0.25,0.6758241758241759,0.15853658536585366,0.13186813186813187
69 (3).jpg,0,0.5082236842105263,0.4726277372262774,0.18092105263157895,0.21532846715328466
00157_115.jpg,0,0.6381578947368421,0.6254480286738351,0.15789473684210525,0.15412186379928317
79 (3).jpg,0,0.7286184210526315,0.6226415094339622,0.11513157894736842,0.0880503144654088
00147_115.jpg,0,0.6851851851851852,0.39297658862876256,0.1168091168091168,0.13712374581939799
00193_190.jpg,0,0.5343980343980343,0.5848214285714286,0.16953316953316952,0.28869047619047616
00305_105.jpg,1,0.717391304347826,0.4171270718232044,0.13043478260869565,0.11602209944751381
00158_96.jpg,0,0.2767857142857143,0.6130653266331658,0.27976190476190477,0.24120603015075376
00282_87.jpg,1,0.23670212765957446,0.4296875,0.13297872340425532,0.16145833333333334
00282_93.jpg,1,0.24468085106382978,0.4494949494949495,0.13829787234042554,0.1414141414141414
00056_239.jpg,1,0.6487603305785123,0.49514563106796117,0.09641873278236915,0.11003236245954692
00304_101.jpg,1,0.2802197802197802,0.3589108910891089,0.21978021978021978,0.30198019801980197
00271_122.jpg,1,0.39473684210526316,0.5979899497487438,0.19298245614035087,0.20100502512562815
78 (2).jpg,0,0.5307443365695793,0.4071207430340557,0.20064724919093851,0.17647058823529413
78 (2).jpg,0,0.3737864077669903,0.2631578947368421,0.10032362459546926,0.13003095975232198
00328_90.jpg,1,0.27595628415300544,0.6747572815533981,0.21311475409836064,0.14563106796116504
00328_90.jpg,1,0.29508196721311475,0.7936893203883495,0.15300546448087432,0.12135922330097088
68 (2).jpg,0,0.7474916387959866,0.41320754716981134,0.13043478260869565,0.12452830188679245
00056_92.jpg,1,0.4158730158730159,0.6520833333333333,0.23492063492063492,0.14583333333333334
62 (8).jpg,1,0.21428571428571427,0.26166666666666666,0.15555555555555556,0.12333333333333334
62 (8).jpg,1,0.2253968253968254,0.4033333333333333,0.24126984126984127,0.18666666666666668
00110_162.jpg,0,0.4326923076923077,0.23454545454545456,0.1620879120879121,0.20727272727272728
72 (8).jpg,1,0.281055900621118,0.5402476780185759,0.2577639751552795,0.24458204334365324
00270_12.jpg,1,0.2616279069767442,0.45197044334975367,0.13372093023255813,0.10591133004926108
00077_246.jpg,1,0.28194444444444444,0.3415384615384615,0.14166666666666666,0.12923076923076923
00130_119.jpg,0,0.2891566265060241,0.7146464646464646,0.14457831325301204,0.08585858585858586
00151_145.jpg,0,0.26453488372093026,0.4591194968553459,0.26744186046511625,0.22641509433962265
00281_117.jpg,1,0.4186046511627907,0.20418848167539266,0.19767441860465115,0.17801047120418848
00334_95.jpg,1,0.3672316384180791,0.5865384615384616,0.2033898305084746,0.16346153846153846
00165_122.jpg,0,0.45616438356164385,0.3473684210526316,0.0684931506849315,0.08421052631578947
00294_21.jpg,1,0.375,0.8497652582159625,0.20348837209302326,0.1784037558685446
72 (11).jpg,1,0.22350993377483444,0.5238095238095238,0.10264900662251655,0.12244897959183673
00311_118.jpg,1,0.7688172043010753,0.5097560975609756,0.17204301075268819,0.1024390243902439
00106_253.jpg,1,0.34672619047619047,0.2603550295857988,0.13392857142857142,0.15976331360946747
92 (6).jpg,1,0.75,0.43148148148148147,0.21223021582733814,0.15925925925925927
00120_245.jpg,1,0.48525073746312686,0.33783783783783783,0.30383480825958703,0.2635135135135135
00130_88.jpg,0,0.2719298245614035,0.6431924882629108,0.23976608187134502,0.24413145539906103
00187_170.jpg,1,0.34497206703910616,0.3624260355029586,0.164804469273743,0.17455621301775148
00095_176.jpg,0,0.40029761904761907,0.2957920792079208,0.21726190476190477,0.24504950495049505
70 (3).jpg,0,0.28135593220338984,0.6893382352941176,0.26440677966101694,0.3272058823529412
00294_23.jpg,1,0.36322188449848025,0.8541666666666666,0.20972644376899696,0.14460784313725492
00104_168.jpg,0,0.35809018567639256,0.28044871794871795,0.2546419098143236,0.1955128205128205
00096_260.jpg,1,0.6476323119777159,0.4967845659163987,0.16991643454038996,0.20257234726688103
67 (7).jpg,1,0.22523961661341854,0.30071174377224197,0.16932907348242812,0.16725978647686832
67 (7).jpg,1,0.24121405750798722,0.40569395017793597,0.1182108626198083,0.09252669039145907
67 (7).jpg,1,0.18370607028753994,0.46441281138790036,0.08626198083067092,0.10320284697508897
00172_91.jpg,0,0.5263157894736842,0.5130111524163569,0.34385964912280703,0.2825278810408922
85 (2).jpg,0,0.25158227848101267,0.48366013071895425,0.3069620253164557,0.23529411764705882
95 (2).jpg,0,0.19523809523809524,0.5451612903225806,0.1111111111111111,0.09032258064516129
00105_151.jpg,1,0.6078431372549019,0.3113496932515337,0.15126050420168066,0.19938650306748465
00105_151.jpg,1,0.5098039215686274,0.43098159509202455,0.1568627450980392,0.1687116564417178
00169_112.jpg,0,0.2542372881355932,0.4593908629441624,0.192090395480226,0.22842639593908629
96 (4).jpg,1,0.7593283582089553,0.4166666666666667,0.22761194029850745,0.2131782945736434
00183_178.jpg,0,0.34392265193370164,0.435126582278481,0.1574585635359116,0.19936708860759494
00359_116.jpg,1,0.2392638036809816,0.6775956284153005,0.15950920245398773,0.12021857923497267
00177_145.jpg,1,0.6126005361930295,0.43234323432343236,0.0938337801608579,0.09900990099009901
00183_144.jpg,0,0.3066860465116279,0.4009584664536741,0.311046511627907,0.26517571884984026
00095_200.jpg,0,0.3772455089820359,0.3225419664268585,0.38323353293413176,0.31894484412470026
00143_254.jpg,1,0.47928994082840237,0.5119047619047619,0.4319526627218935,0.30952380952380953
118.jpg,0,0.6461988304093568,0.4647058823529412,0.14619883040935672,0.15294117647058825
00260_119.jpg,1,0.5118343195266272,0.47593582887700536,0.17159763313609466,0.16042780748663102
124.jpg,0,0.5171428571428571,0.5292207792207793,0.15428571428571428,0.2012987012987013
00260_125.jpg,1,0.515625,0.48044692737430167,0.19375,0.18994413407821228
63 (5).jpg,1,0.1875,0.6405693950177936,0.1891025641025641,0.3202846975088968
73 (5).jpg,1,0.32802547770700635,0.21311475409836064,0.07006369426751592,0.07213114754098361
00059_122.jpg,1,0.3914956011730205,0.5016025641025641,0.26099706744868034,0.18269230769230768
00128_243.jpg,1,0.6051829268292683,0.3847305389221557,0.25914634146341464,0.19461077844311378
00273_96.jpg,1,0.7333333333333333,0.4368932038834951,0.2,0.2621359223300971
00322_115.jpg,1,0.3,0.4430693069306931,0.21081081081081082,0.2623762376237624
65 (10).jpg,1,0.22742474916387959,0.6124031007751938,0.26755852842809363,0.27906976744186046
00271_134.jpg,1,0.39197530864197533,0.6455026455026455,0.15432098765432098,0.1693121693121693
104 (3).jpg,1,0.26802507836990597,0.373015873015873,0.2225705329153605,0.18095238095238095
00322_114.jpg,1,0.2945945945945946,0.4433497536945813,0.2,0.23645320197044334
00154_229.jpg,0,0.8241279069767442,0.6921921921921922,0.18313953488372092,0.2132132132132132
79 (11).jpg,1,0.2391304347826087,0.5153061224489796,0.27759197324414714,0.2755102040816326
87 (5).jpg,1,0.7342192691029901,0.5,0.17275747508305647,0.13310580204778158
00066_240.jpg,1,0.3411602209944751,0.43862815884476536,0.09116022099447514,0.1263537906137184
00305_107.jpg,1,0.7142857142857143,0.42265193370165743,0.13664596273291926,0.10497237569060773
125.jpg,0,0.5114285714285715,0.5357142857142857,0.15428571428571428,0.21428571428571427
125.jpg,0,0.6942857142857143,0.672077922077922,0.06285714285714286,0.07142857142857142
00260_130.jpg,1,0.4966887417218543,0.47988505747126436,0.18543046357615894,0.1781609195402299
00305_113.jpg,1,0.7,0.41388888888888886,0.1125,0.08333333333333333
119.jpg,0,0.5350877192982456,0.5284810126582279,0.2046783625730994,0.2088607594936709
00095_201.jpg,0,0.3325301204819277,0.5033003300330033,0.30843373493975906,0.26732673267326734
00359_103.jpg,1,0.24695121951219512,0.6584699453551912,0.18902439024390244,0.15846994535519127
00270_11.jpg,1,0.2616279069767442,0.44611528822055135,0.12790697674418605,0.09022556390977443
00097_106.jpg,0,0.7232142857142857,0.37857142857142856,0.21428571428571427,0.21428571428571427
72 (4).jpg,1,0.7792207792207793,0.4059561128526646,0.2662337662337662,0.25391849529780564
62 (4).jpg,0,0.44745222929936307,0.2775974025974026,0.1942675159235669,0.22402597402597402
00142_126.jpg,0,0.26881720430107525,0.37868852459016394,0.14516129032258066,0.18032786885245902
00142_126.jpg,0,0.553763440860215,0.5852459016393443,0.3655913978494624,0.26557377049180325
00281_128.jpg,1,0.44375,0.1983695652173913,0.125,0.11413043478260869
00099_145.jpg,0,0.3445121951219512,0.7605263157894737,0.17682926829268292,0.1631578947368421
71 (2).jpg,0,0.3322884012539185,0.4354243542435424,0.1755485893416928,0.1918819188191882
00150_235.jpg,0,0.3825136612021858,0.5584192439862543,0.13114754098360656,0.16151202749140894
00165_135.jpg,0,0.6125,0.47883597883597884,0.0875,0.07936507936507936
00294_22.jpg,1,0.3768545994065282,0.841726618705036,0.2195845697329377,0.15347721822541965
94 (3).jpg,0,0.21428571428571427,0.5265625,0.2026578073089701,0.165625
84 (3).jpg,1,0.2693548387096774,0.4065934065934066,0.3064516129032258,0.38095238095238093
00095_188.jpg,0,0.373134328358209,0.3072289156626506,0.3283582089552239,0.3060240963855422
00340_128.jpg,1,0.6966292134831461,0.4260204081632653,0.10112359550561797,0.0663265306122449
00340_128.jpg,1,0.6348314606741573,0.5229591836734694,0.15730337078651685,0.1377551020408163
66 (6).jpg,0,0.4339622641509434,0.271875,0.20754716981132076,0.23125
00350_128.jpg,1,0.4161849710982659,0.28078817733990147,0.10404624277456648,0.10837438423645321
76 (6).jpg,0,0.3225806451612903,0.517515923566879,0.27741935483870966,0.22611464968152867
00185_289.jpg,1,0.7140287769784173,0.4134275618374558,0.11151079136690648,0.1625441696113074
